bush,state,weight.index,edu,female,black,age
1,39,-0.31705235,4,1,0,37.3866596
0,31,-0.395934993,2,1,0,55.79111039
0,7,-0.055305399,3,1,0,23.94353166
1,33,-0.428205165,2,1,0,38.1473482
1,33,-0.489877049,4,1,0,58.08825033
1,39,0.381417597,2,0,0,38.81651813
1,20,-0.074667502,2,1,0,56.09875637
0,33,-0.083272881,4,0,0,43.18897698
0,40,2.216514716,1,0,0,41.8373407
0,31,-0.517127417,4,1,0,32.1581449
1,33,0.151940818,3,1,0,52.53780687
1,33,-0.517127417,4,1,0,31.68759665
0,31,-0.31705235,4,1,0,37.02451982
0,22,-0.31705235,4,1,0,30.63599694
1,31,-0.309881201,2,0,0,56.96995027
1,39,1.212553807,1,0,0,54.9006045
0,31,-0.31561812,2,1,0,21.06439077
0,33,-0.166458213,3,0,0,32.48856385
0,33,-0.329243304,3,1,0,57.16159636
0,7,0.302534954,2,0,0,26.16792332
1,39,0.049393382,2,0,0,46.5220399
0,33,-0.20948511,4,0,0,37.14387094
1,33,-0.20948511,4,0,0,32.00536161
0,22,-0.217373374,4,1,0,48.69768312
1,31,-0.207333765,2,0,0,26.25389818
1,31,-0.217373374,4,1,0,44.39270411
0,31,-0.458323992,3,1,0,56.48145767
0,22,0.957978005,1,0,0,34.63971024
0,33,-0.112674593,2,1,0,49.05845288
0,44,1.177415175,1,0,0,58.90508228
0,22,-0.441830349,3,0,0,36.81645902
0,39,-0.20948511,4,0,0,34.97570914
0,33,0.96156358,3,0,0,24.38218307
0,10,-0.150681685,2,1,0,31.51490291
1,31,0.043656463,1,1,0,56.43198534
1,4,0.469622734,2,1,0,40.45801119
1,31,-0.415297096,2,1,0,43.0399113
0,44,-0.09474672,4,0,0,45.46252526
1,14,-0.140642076,2,1,0,34.23859517
1,41,-0.09474672,4,0,0,41.05721955
1,22,-0.241038167,4,1,0,26.05252891
1,10,0.283889966,1,0,0,23.89250448
1,41,-0.324223499,4,1,0,37.45341932
1,39,-0.297690247,3,0,0,23.41274459
1,41,-0.324223499,4,1,0,35.42488619
1,19,0.411536424,2,0,0,44.75728534
0,14,-0.140642076,2,1,0,34.01355934
0,47,-0.520712991,4,1,0,38.55456438
0,37,0.040070888,1,1,0,43.27363832
0,22,-0.241038167,4,1,0,29.63229092
1,31,0.053696072,1,1,0,46.05735256
0,11,-0.290519097,3,1,0,32.68583028
1,36,0.121104876,3,0,0,24.70449156
1,24,-0.351473867,2,0,0,37.3807779
1,19,-0.150681685,2,1,0,36.64147188
1,7,-0.166458213,3,0,0,38.55715745
1,25,-0.124865547,4,0,0,25.20102803
0,9,-0.137056501,4,1,1,34.72835591
0,47,0.030031279,1,1,0,59.25133779
0,17,0.246599989,1,0,0,50.25564102
0,26,-0.42892228,2,1,0,38.36685853
0,49,-0.150681685,2,1,0,39.59496035
1,14,-0.210202225,4,0,0,35.20944546
0,18,-0.290519097,3,1,0,34.53547996
0,21,-0.520712991,4,1,0,33.29359441
1,37,-0.471949176,4,1,0,40.08514944
1,41,2.471090518,2,0,1,28.84054041
1,11,-0.067496352,3,1,0,29.88621941
1,43,-0.290519097,3,1,0,30.48898007
0,14,-0.558720083,4,0,0,42.34275735
1,33,0.811686558,2,0,0,21.75953893
1,25,-0.216656259,2,0,0,22.88695084
1,49,-0.290519097,3,1,0,32.08183989
1,19,-0.324223499,4,1,0,36.70254373
1,25,-0.124148432,2,1,0,48.28390684
1,44,-0.218807604,4,0,0,31.63505528
1,43,2.163448211,1,0,0,49.96090408
1,47,-0.175780708,3,0,0,37.17279192
0,14,0.01425475,2,0,0,37.62662684
1,19,-0.401671912,2,1,0,54.59200002
1,17,0.810252328,1,0,0,24.00589204
1,34,0.796627144,1,1,0,40.71490786
1,11,-0.340717143,2,0,0,44.32396117
1,44,-0.016581192,4,1,0,26.51606596
1,24,-0.114108823,4,0,0,21.09959514
1,10,1.029689498,2,1,1,27.35661495
0,10,-0.270439879,4,1,0,54.64270885
1,14,0.085966244,2,1,0,25.26675752
0,36,0.121104876,3,0,0,25.10913914
0,41,0.784436191,2,0,0,21.31004487
0,11,1.203231313,1,0,0,43.17046313
0,44,-0.538640865,3,1,1,42.94066545
0,11,0.07234106,2,1,0,23.52624157
1,10,-0.175780708,3,0,0,38.01321972
0,44,-0.467646486,4,0,0,32.16923488
0,14,-0.417448441,4,1,0,33.295292
0,50,-0.09187826,3,0,0,43.33302871
0,44,-0.251794891,2,1,1,55.52854545
0,21,0.002063796,2,0,0,34.45090587
1,21,-0.09474672,4,0,0,45.57800719
0,43,-0.401671912,2,1,0,57.54919718
0,18,0.07234106,2,1,0,24.54436322
0,23,0.301100724,2,0,0,22.32857992
1,26,0.147638128,2,1,0,36.92155446
1,47,0.927859178,1,0,0,35.46729756
1,19,-0.397369223,3,1,0,35.43558297
0,10,0.283889966,2,0,0,28.72447302
1,34,-0.09474672,4,0,0,45.5566615
1,44,-0.124148432,2,1,0,41.4491745
0,10,0.428030068,2,0,1,37.07700015
1,15,0.281021506,4,1,0,42.16097647
1,25,0.519103665,3,0,0,20.72438338
0,23,-0.395934993,2,1,0,52.75451286
0,44,-0.067496352,3,1,0,29.64580741
1,34,-0.150681685,2,1,0,33.82439786
1,34,-0.322789269,1,1,0,28.08456927
1,44,0.030031279,1,1,0,59.37465491
1,47,-0.067496352,3,1,0,23.60658584
1,49,0.796627144,1,1,0,49.54356787
1,18,0.927859178,1,0,0,37.21794761
1,10,0.105328347,1,0,0,36.48257298
0,23,0.134012944,2,1,1,39.6010841
0,10,-0.357927901,2,0,0,35.75453929
0,24,3.138007408,1,0,0,50.31480924
0,44,-0.216656259,1,0,0,27.62031747
1,14,-0.467646486,4,1,0,47.92559939
0,49,-0.150681685,2,1,0,33.15731868
0,10,-0.144944765,2,0,1,39.26782266
1,43,-0.086141341,2,1,0,58.32632211
1,3,-0.002956008,3,1,0,35.37449346
0,13,-0.278328143,4,1,0,39.29584221
0,44,-0.226695868,4,1,0,44.35469222
1,14,-0.262551615,4,1,0,56.7837961
1,44,-0.270439879,4,1,0,57.09748651
1,36,-0.140642076,2,1,0,30.17706061
1,25,-0.324223499,4,1,0,35.21229352
1,49,0.776547926,1,1,0,51.48591206
0,47,-0.226695868,4,1,0,49.55246474
1,48,-0.084707111,2,1,0,36.25253723
1,10,-0.405974602,4,0,0,46.08104388
0,16,-0.47983744,4,1,0,29.16483123
0,41,0.519103665,3,0,0,21.82779249
1,44,-0.150681685,4,0,0,59.69178837
1,36,0.121104876,3,0,0,29.11417883
1,24,-0.056022513,3,1,0,20.5812527
1,48,0.973037419,1,1,0,44.56593844
1,36,-0.056022513,3,1,0,27.47919098
1,14,0.022860129,3,1,0,47.65758706
1,10,0.519103665,3,0,0,20.39040233
1,28,0.802364064,1,1,0,56.04303063
1,5,-0.438961889,4,0,0,38.63149058
0,24,0.430898528,2,0,0,48.99013252
0,8,-0.357927901,2,0,0,31.86120513
0,5,0.23512615,3,1,0,31.3945331
0,23,-0.140642076,2,1,0,33.20342671
0,28,0.486833492,2,1,0,24.55460957
1,35,-0.210202225,4,0,0,30.91143309
0,5,0.008517831,3,1,0,23.94715424
0,3,0.973037419,1,1,0,48.46058879
1,10,-0.218807604,4,0,0,32.11025217
1,48,0.400062585,2,0,0,24.63765601
1,28,0.23369192,4,1,0,24.4594911
1,44,-0.250360661,4,0,0,41.38146478
0,23,0.121104876,3,0,0,28.43737887
1,14,0.085966244,2,1,0,28.05280438
0,26,-0.42892228,2,1,0,33.26078916
1,23,-0.004390238,4,1,0,22.21497935
0,18,-0.420316901,2,1,0,46.08642604
1,17,-0.140642076,2,1,0,32.52454109
0,14,0.243014415,3,1,1,38.12769896
0,23,-0.467646486,4,1,0,47.09678662
1,5,-0.296973132,2,0,0,45.91333393
0,14,0.301100724,2,0,0,25.72279412
0,5,-0.054588284,2,1,0,40.00613082
0,5,-0.479120325,3,1,0,31.27247111
0,14,0.762205628,3,1,0,47.86804857
1,5,0.002063796,3,0,0,53.48761895
0,32,-0.443264578,4,1,0,46.83773907
1,36,-0.283347948,3,1,0,37.09622715
0,5,-0.446850153,3,1,0,48.34661316
0,48,-0.365099051,2,1,0,52.84692442
0,17,-0.463343797,4,0,0,33.82242403
0,48,0.008517831,3,1,0,20.86828744
1,48,-0.175780708,3,1,0,47.61325569
0,5,-0.160721294,4,0,0,35.83293366
1,5,-0.20231396,3,0,0,48.27888726
1,5,0.400062585,2,0,0,25.69370833
0,32,-0.479120325,3,1,0,39.48060797
0,38,-0.160721294,4,0,0,36.96257139
0,36,-0.113391708,2,1,0,43.88851879
1,5,-0.160721294,4,0,0,32.30475225
1,50,-0.166458213,3,0,0,31.40961908
0,5,0.176322726,2,0,0,53.78116652
1,32,0.122539105,2,0,0,40.47310565
1,5,-0.012278502,2,1,0,56.08529043
1,48,-0.433224969,3,1,0,57.12172756
0,5,-0.113391708,3,0,0,37.81474343
1,5,-0.195859926,4,0,0,49.19361849
1,45,0.325482632,4,0,0,40.26420147
1,45,0.008517831,3,1,0,24.96598124
1,5,0.938615902,2,1,0,40.98376949
1,44,-0.137056501,4,1,1,34.41003277
1,5,-0.241038167,3,1,0,33.69950162
0,22,0.044373577,4,0,0,34.70077313
0,31,-0.350756752,2,0,0,34.27053985
0,31,0.472491194,4,1,0,20.81676344
1,43,-0.504219348,3,1,0,37.4236419
1,10,-0.467646486,4,0,0,30.28802137
0,5,-0.385895384,2,1,0,49.64359966
0,36,-0.200162615,3,1,0,56.33564901
1,5,-0.084707111,2,1,0,31.57337126
1,33,0.302534954,1,0,0,26.90793564
1,36,0.301100724,2,0,0,29.58879194
1,5,-0.241038167,3,1,0,32.86001092
0,14,-0.237452592,4,0,1,23.66207766
0,41,0.283889966,2,0,0,28.93127225
0,48,-0.446850153,3,1,0,40.24506587
1,5,-0.160721294,4,0,0,30.07932092
1,23,-0.467646486,4,1,0,40.79839065
0,33,-0.113391708,4,0,0,24.58833428
1,50,-0.31705235,4,1,0,39.01880551
0,36,-0.140642076,2,1,0,33.3749505
0,36,0.085966244,2,1,0,29.58405654
0,33,-0.083272881,4,0,0,43.6851522
1,47,-0.232432788,3,1,0,48.67945742
0,40,-0.282630833,3,1,0,31.4188876
1,14,-0.517127417,4,1,0,36.04126068
1,36,0.085966244,2,1,0,23.21921222
1,5,0.085249129,2,0,0,35.35523345
0,22,0.032182624,4,1,0,40.12854287
1,5,0.164131772,2,1,0,21.08368823
1,38,0.486833492,2,0,0,31.27713623
0,40,0.043656463,1,1,0,58.59160004
1,3,0.122539105,2,0,0,48.54982187
1,50,-0.241755282,4,1,0,28.29146896
1,45,-0.160721294,4,0,0,35.64677456
1,24,0.301100724,2,0,0,23.03351808
1,36,0.097440083,2,0,0,50.51981136
0,16,-0.113391708,2,1,0,48.35034747
0,20,-0.415297096,4,0,0,26.99623728
0,44,0.468188504,4,0,0,22.0825508
1,32,-0.479120325,3,1,0,31.77562517
1,50,-0.42892228,2,1,0,30.89067593
0,3,0.276001702,2,1,0,42.92903626
0,23,-0.415297096,2,1,0,43.84415914
0,24,-0.283347948,3,1,0,30.09650047
1,22,-0.083272881,4,0,0,49.64094576
1,6,-0.241038167,3,1,0,36.48497259
1,31,-0.116977283,4,1,0,39.53362391
1,47,0.107479692,3,0,0,28.52874183
1,24,-0.386612499,3,1,0,27.99290624
1,21,-0.067496352,3,1,0,25.61188011
1,49,0.035051083,2,0,0,49.54710064
1,23,0.01425475,2,0,0,33.61537935
0,6,-0.278328143,4,1,0,37.43456871
0,31,-0.112674593,2,1,0,44.59471428
1,48,-0.354342327,3,1,0,20.31965543
1,17,-0.386612499,3,1,0,25.72282478
1,37,-0.304861396,3,0,0,26.20386316
1,36,-0.415297096,2,1,0,49.96461087
1,36,0.031465509,4,1,0,41.54818161
0,5,-0.438961889,4,0,0,38.05653577
0,33,-0.31274966,4,0,1,34.27875846
0,43,0.595834963,3,0,1,24.8253162
0,19,0.876944017,2,0,1,23.13383913
0,26,-0.416014211,4,0,0,29.03806729
1,43,0.035051083,2,0,0,41.77042512
0,19,0.144769668,3,0,1,34.65107881
1,31,0.122539105,3,0,0,26.20004083
0,10,-0.401671912,2,1,0,56.9041885
1,39,-0.083272881,4,0,0,49.67845438
0,43,-0.324223499,4,1,0,33.27989796
1,22,0.086683359,2,1,0,23.94945217
0,23,-0.31705235,4,1,0,33.01920455
1,11,0.469622734,2,1,0,46.07274173
0,14,0.823160397,1,1,0,42.13880398
1,41,0.080229324,2,0,1,26.57003321
1,34,-0.353625212,3,1,0,47.14614572
0,14,0.301100724,2,0,0,27.832025
0,49,-0.446850153,3,0,0,30.74237949
0,10,0.283889966,1,0,0,26.60149814
0,23,-0.400237682,4,0,0,43.9510819
0,22,0.149072358,2,1,0,34.36788322
0,50,-0.114108823,4,0,0,23.62221741
0,33,0.014971865,2,0,0,33.1306521
0,43,0.172737151,2,1,0,45.08917987
0,4,0.083097784,2,0,0,53.37276604
1,36,-0.42892228,2,1,0,33.20641392
0,11,2.633875609,1,1,1,41.5372376
0,23,-0.140642076,2,1,0,35.72003191
1,10,-0.59601006,3,1,0,45.6786437
0,22,0.606591687,3,1,0,20.78006335
0,39,-0.262551615,4,1,0,51.50705415
1,22,-0.552983164,3,0,0,57.46801388
1,37,-0.304861396,3,0,0,20.24110357
1,14,-0.283347948,3,1,0,32.87253097
0,14,0.097440083,2,0,0,50.94045348
0,24,-0.386612499,3,1,0,20.87158459
0,39,0.014971865,2,0,0,38.15776519
1,23,-0.09187826,3,0,0,45.42560885
0,10,0.205007323,3,0,0,49.80135623
1,11,-0.324223499,4,1,0,39.89415338
0,23,-0.166458213,3,0,0,35.4336388
0,39,0.086683359,2,1,0,23.79970774
0,11,-0.150681685,2,1,0,35.43118093
0,22,-0.20948511,4,0,0,31.84296266
0,47,0.283889966,2,0,0,22.93683007
0,22,0.302534954,2,0,0,26.84272358
0,33,0.086683359,2,1,0,24.76058476
0,14,0.810252328,1,0,0,21.69071319
0,26,-0.113391708,2,1,0,45.02213171
1,28,-0.223827408,3,1,0,49.9010905
1,23,0.810252328,2,0,0,20.34602264
1,31,0.298232265,4,0,0,30.73123365
1,42,-0.499916658,3,1,0,34.86157844
0,31,0.098157198,2,0,0,55.54176437
1,44,0.776547926,1,1,0,57.1999987
1,34,0.144769668,3,0,1,37.8858483
1,11,0.519103665,3,0,0,25.05844341
0,14,0.01425475,2,0,0,32.24983803
0,33,1.718119836,2,0,1,23.06230906
1,43,-0.494179739,4,1,0,50.28121116
1,15,0.042939348,1,1,0,54.3574604
0,15,-0.283347948,3,1,0,30.74778094
0,31,0.505478481,2,0,0,57.10996529
0,22,-0.517127417,4,1,0,35.72902591
1,26,-0.113391708,2,1,0,45.33163668
1,1,2.152691487,1,1,1,35.98075318
1,49,-0.357927901,2,0,0,36.5425913
0,14,-0.415297096,2,1,0,47.22518316
1,33,0.086683359,2,1,0,21.96090469
0,33,0.098157198,2,0,0,56.81603216
1,31,-0.463343797,4,0,0,33.77432343
0,47,-0.467646486,4,0,0,38.80834959
1,36,-0.09187826,3,0,0,45.73656215
1,33,1.238369945,1,0,0,48.29470449
0,33,-0.282630833,3,1,0,32.96909526
0,30,0.014971865,2,0,0,32.07987777
0,22,0.086683359,2,1,0,22.17558261
1,44,-0.226695868,4,1,0,44.6068157
1,25,-0.175780708,3,0,0,31.82964264
1,33,-0.517127417,4,1,0,37.20618581
1,23,-0.113391708,2,1,0,45.63008629
0,23,-0.113391708,2,1,0,40.34831509
1,41,-0.09474672,4,0,0,40.54166101
1,24,-0.223827408,3,1,0,41.83352288
1,40,-0.350756752,2,0,0,39.9363455
0,44,-0.271874109,2,1,0,42.47789614
0,22,0.014971865,2,0,0,37.86364013
0,24,0.042939348,1,1,0,56.83350096
1,46,0.381417597,2,0,0,39.21660353
0,31,-0.499916658,3,1,0,38.82567978
0,33,-0.499916658,3,1,0,38.15536202
1,44,0.283889966,2,0,0,21.25991504
1,36,-0.166458213,3,0,0,32.70085431
0,34,-0.124148432,2,1,0,42.17948776
1,41,-0.520712991,4,1,0,38.8554705
0,19,0.133295829,2,1,0,32.10320008
1,31,-0.415297096,4,0,0,29.98240199
1,19,0.07234106,2,1,0,27.03783503
1,47,0.447392171,2,1,1,29.15738862
1,31,0.149072358,2,1,0,36.49038014
0,40,-0.517127417,4,1,0,34.31917682
1,41,0.035051083,2,0,0,40.5483333
1,10,-0.124865547,4,0,0,20.84953354
0,14,0.68547433,4,1,1,23.43739896
0,22,-0.415297096,2,1,0,48.8557624
0,31,-0.400237682,4,0,0,40.12159694
0,10,0.035051083,2,0,0,42.2445014
1,44,-0.474817636,3,1,0,48.44436809
1,39,0.086683359,2,1,0,28.18090591
1,49,0.07234106,1,1,0,25.57374117
1,11,-0.150681685,2,1,0,32.18151473
0,33,0.23369192,4,0,0,49.61128131
0,10,-0.304861396,3,0,0,28.23543896
1,11,-0.077535962,3,1,0,33.26675794
1,34,0.002063796,2,0,0,33.10732281
1,34,1.177415175,1,0,0,54.9045952
1,26,-0.166458213,3,0,0,37.97782979
1,23,-0.113391708,2,1,0,43.47333044
1,33,-0.463343797,4,0,0,34.9392339
1,21,0.258073828,3,1,0,26.24142395
1,47,-0.124865547,4,0,0,23.0432679
1,11,-0.226695868,4,1,0,40.63153393
1,47,-0.150681685,2,1,0,33.51673313
1,17,-0.066062123,3,1,0,33.98980727
1,22,-0.20948511,4,0,0,30.16266235
1,33,0.044373577,4,0,0,30.84514341
1,10,0.592249388,1,0,1,35.4967372
1,44,0.083097784,2,0,0,50.39343032
1,33,0.686908559,4,1,1,21.85807735
1,25,-0.124148432,2,1,0,43.01346855
1,23,0.01425475,2,0,0,36.64598009
1,19,0.283889966,2,0,0,22.60817853
0,21,0.876944017,2,0,1,29.4888944
0,49,0.035051083,2,0,0,43.44737368
0,41,-0.401671912,2,1,0,53.64115157
1,49,-0.433942084,2,1,0,30.79217875
0,33,-0.31705235,4,1,0,35.33890388
0,39,-0.284782178,4,0,0,58.01394932
0,11,-0.279762373,2,1,1,49.36738028
1,39,-0.415297096,2,1,0,51.23101421
1,10,0.283889966,2,0,0,26.4604198
1,10,-0.150681685,2,1,0,37.03448595
0,21,-0.420316901,2,1,0,49.64814923
1,44,0.019274555,4,1,0,45.64399669
1,44,-0.324223499,4,1,0,35.75291399
1,33,-0.415297096,2,1,0,48.23826879
1,44,-0.150681685,4,0,0,53.03833625
1,18,-0.433942084,2,1,0,39.10495857
1,44,-0.494179739,4,1,0,55.0815405
1,43,-0.520712991,4,1,0,31.42846631
1,33,-0.217373374,4,1,0,48.5607486
1,44,0.07234106,2,1,0,24.20874608
1,34,0.283889966,2,0,0,24.01948452
1,31,0.122539105,3,0,0,26.33041525
1,5,0.339824931,2,1,0,51.53915708
1,34,-0.324223499,4,1,0,31.61150389
1,31,0.957978005,1,0,0,36.76598483
0,14,0.042939348,1,1,0,57.06800618
1,18,0.172737151,2,1,0,47.23158277
0,22,-0.479120325,4,1,0,29.71033611
1,43,-0.420316901,2,1,0,42.0391645
1,6,-0.456172647,4,1,0,25.41563097
0,14,-0.117694398,4,1,0,37.46285031
1,31,-0.282630833,3,1,0,37.10022126
1,39,0.811686558,2,0,0,29.103687
0,10,-0.09474672,4,0,0,43.0868606
0,34,1.227613221,1,1,0,34.64216835
1,10,0.083097784,2,0,0,56.5578424
0,39,-0.282630833,3,1,0,33.11487282
0,15,0.048676267,2,0,0,44.56517116
1,22,-0.282630833,3,1,0,36.45499111
1,44,-0.467646486,4,0,0,33.67669871
1,14,-0.499916658,3,1,0,39.17411495
1,10,0.083097784,2,0,0,58.94204391
1,44,-0.483423015,4,1,0,28.27494689
1,47,-0.304861396,3,0,0,22.15952173
1,18,0.107479692,3,0,0,27.75914293
1,44,-0.392349418,3,1,0,22.7295626
0,40,-0.282630833,3,1,0,30.75683535
0,37,-0.175780708,3,0,0,30.11204762
0,36,-0.140642076,2,1,0,34.39785969
1,18,-0.409560177,3,0,0,44.60576828
0,39,0.049393382,2,0,0,52.91378689
1,33,0.747146214,2,0,0,35.53569967
1,43,-0.067496352,3,1,0,20.87184958
0,24,-0.140642076,2,1,0,39.79372512
0,10,0.07234106,1,1,0,29.54360602
1,36,-0.47983744,4,1,0,20.3547681
1,14,0.489701952,2,1,0,44.83016342
1,10,-0.324223499,4,1,0,34.59994468
1,10,-0.324223499,4,1,0,32.29191959
1,11,-0.322789269,2,1,0,28.1326983
1,10,1.177415175,1,0,0,55.64314229
1,33,-0.347171177,3,1,0,43.06291888
0,39,0.086683359,2,1,0,27.24277026
1,17,-0.113391708,2,1,0,48.5196284
0,26,-0.117694398,4,1,0,30.65453993
1,47,-0.150681685,2,1,0,39.54873726
1,10,-0.504219348,3,1,0,38.19384766
0,50,-0.056022513,3,1,0,20.25057783
1,11,-0.218807604,4,0,0,32.44010666
1,18,-0.433942084,2,1,0,32.8216412
1,50,-0.140642076,2,1,0,39.12503692
1,33,0.047242037,2,0,0,26.49247704
1,28,-0.218090489,4,1,0,41.02387231
1,43,0.035051083,2,0,0,43.5324607
0,24,-0.334263108,2,0,0,41.52820505
0,19,-0.175780708,3,0,0,38.72687176
1,31,-0.122714202,4,1,0,26.46831234
1,33,-0.174346478,3,1,0,30.26186917
0,26,-0.061759433,3,0,0,52.08126931
1,23,-0.499916658,3,1,0,38.91085604
1,14,-0.441830349,3,0,0,36.91565951
1,43,-0.249643546,4,1,0,22.88990113
1,44,-0.150681685,2,1,0,36.82220987
1,18,2.163448211,1,0,0,46.70899739
1,4,0.07234106,2,1,0,23.47813535
1,14,0.085966244,2,1,0,22.4570328
1,26,-0.31705235,4,1,0,31.12756483
1,1,0.002063796,2,0,0,35.81104155
1,45,-0.055305399,4,0,0,26.26408566
1,17,0.147638128,2,1,0,35.84653595
1,44,-0.421034015,4,0,0,21.80568572
0,25,1.227613221,1,1,0,31.52945645
1,3,-0.37370443,3,0,0,46.19079085
1,44,-0.150681685,2,1,0,36.44105186
1,5,-0.058890973,4,1,0,30.85203746
1,43,-0.249643546,4,1,0,22.64000776
0,25,0.428030068,2,0,1,39.22961881
1,3,-0.055305399,4,0,0,25.00542128
0,50,-0.517127417,4,1,0,39.74605979
1,44,2.286074865,2,0,0,25.93297521
1,43,0.083097784,2,0,0,55.43909321
0,50,-0.140642076,2,1,0,32.76003823
0,5,-0.055305399,4,0,0,29.73689108
0,6,-0.400954797,2,1,0,39.95177603
0,5,-0.160721294,4,0,0,33.80062612
1,5,-0.030923491,3,0,0,48.28120949
1,5,0.164131772,2,1,0,21.01760461
0,5,-0.055305399,4,0,0,20.78862898
0,48,0.164131772,1,1,0,27.85104615
1,48,-0.055305399,4,0,0,24.30799928
1,5,-0.386612499,4,0,0,29.61375436
1,32,-0.160721294,4,0,0,37.70475111
1,5,0.164131772,2,1,0,22.43753494
1,5,-0.438961889,4,0,0,36.12449197
1,5,-0.160721294,4,0,0,39.84576666
0,5,0.112499496,4,0,1,48.4087136
0,5,-0.058890973,4,1,0,50.58298407
0,5,2.651803482,1,0,1,55.1719604
0,48,-0.36940174,4,0,0,44.74124334
1,38,0.122539105,2,0,0,41.44653786
0,48,0.164131772,2,1,0,27.20747108
0,33,0.134730059,2,1,1,31.66484843
1,33,-0.112674593,2,1,0,46.40533461
0,39,0.189230794,2,1,0,45.88623444
1,39,-0.223110293,3,1,0,43.99970188
1,33,-0.099766525,3,1,0,46.15614337
1,22,-0.517127417,4,1,0,35.71268853
0,33,-0.31705235,4,1,0,32.15657782
0,33,-0.400237682,4,0,0,40.20557302
0,33,2.247350658,2,1,1,20.64912139
0,33,-0.139924961,2,1,0,33.3115553
1,33,-0.415297096,4,0,0,22.45080773
1,33,2.216514716,1,0,0,43.48772433
1,33,-0.463343797,4,0,0,35.23019949
0,39,-0.517127417,4,1,0,32.01219126
1,7,-0.337131568,1,1,0,57.43750894
1,40,1.693737928,2,1,0,24.32319112
0,33,-0.342151373,4,1,0,42.02672787
1,22,-0.282630833,3,1,0,34.70299749
1,33,-0.282630833,3,1,0,32.90837518
1,31,-0.400237682,4,0,0,44.32488623
0,50,-0.223827408,3,1,0,45.16239961
0,33,-0.20948511,4,0,0,38.96924434
0,23,-0.499916658,3,1,0,32.99752828
0,31,-0.112674593,2,1,0,44.51707405
1,39,-0.395934993,2,1,0,54.47237407
1,33,-0.441830349,3,0,0,32.78468672
1,15,-0.113391708,2,1,0,40.95581822
1,26,0.085966244,2,1,0,29.33815007
0,33,-0.282630833,3,1,0,30.04421009
1,31,0.086683359,2,1,0,20.79285945
1,39,-0.139924961,2,1,0,39.27212632
1,36,-0.415297096,2,1,0,43.86358558
1,36,0.121104876,3,0,0,26.84238471
1,36,0.188513679,2,1,0,43.25807942
0,40,-0.31705235,4,1,0,30.31311728
0,33,-0.517127417,4,1,0,32.95882118
1,39,0.189230794,2,1,0,40.51831851
1,39,0.086683359,2,1,0,26.98099949
0,50,0.01425475,2,0,0,30.8713377
0,50,-0.31705235,4,1,0,33.9075119
0,36,0.301100724,2,0,0,28.28708869
0,7,0.014971865,2,0,0,31.40424013
1,17,0.042939348,1,1,0,52.34527643
0,36,0.934313212,3,0,0,33.48488258
1,50,-0.210202225,4,0,0,31.2771525
1,36,-0.140642076,2,1,0,33.9251961
1,22,-0.139924961,4,0,0,53.39375622
0,33,-0.42175113,4,1,1,34.69315012
1,50,-0.241755282,4,1,0,28.02068077
1,14,0.888417856,2,1,0,22.86793507
1,23,-0.241755282,4,1,0,24.299817
1,40,0.957978005,1,0,0,36.38408105
1,17,-0.441830349,3,0,0,32.09758726
1,36,0.01425475,2,0,0,36.75138558
1,22,-0.20948511,4,0,0,36.43385442
1,17,-0.166458213,3,0,0,34.11603495
0,39,-0.074667502,2,1,0,51.20073647
1,26,-0.210202225,4,0,0,39.59986678
0,19,0.158394852,2,1,1,44.83955118
0,14,-0.241755282,4,1,0,26.36931654
1,36,0.048676267,2,0,0,49.01882184
0,50,0.301100724,2,0,0,26.99954677
0,14,-0.42892228,2,1,0,35.21194073
0,24,-0.42892228,2,1,0,34.11289463
0,50,-0.140642076,2,1,0,33.66906117
0,33,-0.139924961,2,1,0,36.85713836
1,24,-0.20805088,2,0,0,27.30071678
0,23,0.419424689,1,1,1,44.21078472
1,15,-0.140642076,2,1,0,39.70607824
0,28,-0.210202225,4,0,0,37.16057131
0,36,-0.463343797,4,0,0,33.99820014
1,47,0.002063796,2,0,0,39.40939316
0,33,-0.463343797,4,0,0,32.8134373
1,10,-0.340717143,2,0,0,48.73464921
0,43,-0.09474672,4,0,0,43.76447541
1,50,0.048676267,2,0,0,48.704312
1,36,1.2362186,1,0,0,46.00295004
1,36,0.085966244,2,1,0,26.2822377
1,39,0.122539105,3,0,0,26.14784674
1,10,-0.072516157,3,0,0,50.13983086
1,47,-0.047417134,4,1,0,58.30967816
0,36,-0.274742569,4,1,1,36.40548537
1,26,-0.470514946,3,1,0,45.9394405
1,47,-0.086141341,2,1,0,56.96406696
1,18,-0.124148432,2,1,0,43.49848169
1,34,-0.150681685,2,1,0,31.78330226
0,33,-0.083272881,4,0,0,45.24581118
1,23,0.121104876,3,0,0,27.00119939
1,14,-0.140642076,2,1,0,39.2762575
0,16,0.048676267,2,0,0,49.3763591
0,25,0.385003172,1,1,1,56.65954337
1,10,-0.249643546,4,1,0,29.72523103
0,4,-0.218807604,4,0,0,35.43131903
0,44,-0.610352358,3,1,0,35.02871352
0,49,-0.150681685,2,1,0,37.89808281
0,44,0.068755485,4,1,0,37.90729424
1,49,-0.101917869,3,0,0,43.52012353
1,28,-0.056022513,3,1,0,26.63139002
0,33,0.086683359,1,1,0,22.46079888
0,33,-0.112674593,2,1,0,45.75402333
1,10,-0.494179739,4,1,0,56.90581088
1,44,-0.324223499,4,1,0,32.27113972
1,24,-0.351473867,2,0,0,35.0719221
1,26,1.059808326,2,1,1,24.55950758
0,11,0.876944017,1,0,1,24.38089011
1,19,-0.249643546,4,1,0,26.71161106
0,9,-0.251794891,2,1,1,56.04873389
0,10,-0.433942084,2,1,0,39.2498603
0,50,0.540617113,3,0,0,20.27921131
1,44,-0.494179739,4,1,0,50.96643261
0,44,-0.286216408,3,0,1,35.45682405
0,44,-0.124148432,2,1,0,47.94361301
0,39,0.811686558,2,0,0,24.47373567
1,44,0.07234106,2,1,0,23.10792645
1,47,0.083097784,2,0,0,58.65370835
0,34,0.557827871,2,0,1,58.10878657
1,44,0.035051083,2,0,0,49.33882515
1,14,0.043656463,4,0,0,30.00004282
0,34,-0.401671912,2,1,0,55.75924788
1,43,-0.324223499,4,1,0,37.77294567
1,50,0.048676267,2,0,0,47.20717364
1,18,0.428030068,2,0,1,38.83162444
1,34,0.411536424,2,0,0,40.73335817
1,28,-0.334263108,2,0,0,41.18999725
1,44,-0.072516157,3,0,0,59.219072
1,1,-0.218807604,4,0,0,32.68075502
0,47,0.007083601,4,1,1,46.39324225
0,47,0.241580185,3,1,1,23.72334576
1,10,-0.067496352,3,1,0,21.68081198
0,1,-0.047417134,4,1,0,57.88392043
0,18,0.030031279,1,1,0,55.34693216
0,5,-0.175780708,3,1,0,46.16466169
0,44,-0.150681685,2,1,0,35.65857819
1,6,-0.446850153,3,1,0,43.33699026
1,4,-0.401671912,2,1,0,55.30770359
0,5,2.076677304,2,0,0,25.18263696
1,44,-0.494179739,4,1,0,53.75082006
1,6,0.008517831,3,1,0,20.55717621
0,10,0.035051083,2,0,0,42.48000036
1,44,-0.421034015,4,0,0,23.63827122
1,3,0.607308802,2,1,0,41.57622476
0,5,-0.175780708,3,1,0,48.13525293
0,11,-0.218807604,4,0,0,38.79714053
1,1,0.241580185,3,1,1,25.70511674
1,10,-0.086141341,2,1,0,52.75369102
1,34,0.083097784,2,0,0,51.5559918
1,32,-0.086858456,2,0,0,45.48324327
1,32,-0.443264578,4,1,0,43.21717442
1,5,0.23225769,2,1,0,35.56079801
1,11,0.595834963,3,0,1,25.66587726
0,38,1.817798812,1,1,0,40.04805407
0,37,0.283889966,2,0,0,28.16239879
0,24,-0.283347948,3,1,0,30.17709574
0,41,0.861167489,2,1,0,25.23995912
0,32,-0.497765314,4,1,0,33.71717803
1,5,-0.278328143,4,1,0,30.01350141
1,5,-0.278328143,4,1,0,35.23407118
1,49,0.030031279,1,1,0,59.8529984
1,50,0.01425475,2,0,0,30.55563294
1,48,1.426254058,1,0,0,47.76439652
0,1,-0.504219348,3,1,0,32.80900175
1,25,-0.232432788,3,1,0,43.71841742
1,43,0.252336909,3,1,0,43.386426
0,5,0.973037419,1,1,0,42.37890204
1,48,0.176322726,2,0,0,52.35744856
1,5,1.044748912,2,1,0,20.8176087
1,5,2.043690017,3,0,0,26.66762203
1,11,0.927859178,1,0,0,30.91638962
0,3,-0.218807604,4,1,0,52.20865019
1,5,-0.36940174,4,0,0,48.22391898
0,5,-0.497765314,4,1,0,38.14619079
1,37,-0.124148432,2,1,0,42.72274959
0,29,-0.054588284,2,1,0,48.27816109
1,18,-0.124148432,2,1,0,44.49560072
1,6,-0.160721294,4,0,0,36.47936927
1,5,0.12755891,1,1,0,48.49684224
0,16,1.593341838,1,1,0,49.82789292
1,47,0.931444752,3,0,0,24.34956467
1,44,-0.068930582,1,1,0,39.51430347
1,7,-0.517127417,4,1,0,31.23148977
0,5,0.340542046,1,0,0,53.22193973
0,21,0.002063796,2,0,0,35.00215204
0,44,-0.401671912,2,1,0,59.95449844
0,33,-0.31705235,4,1,0,38.15416114
0,38,-0.241038167,3,1,0,36.15004939
0,5,-0.438961889,4,0,0,31.56863604
0,10,-0.402389027,3,1,1,30.77987686
1,44,-0.520712991,4,1,0,31.31656449
0,3,1.12291444,3,0,0,25.07725402
1,39,-0.458323992,3,1,0,50.21911995
1,5,-0.241038167,3,1,0,37.72616889
1,36,-0.140642076,2,1,0,35.87323777
1,33,0.90634573,2,0,1,29.78414376
0,23,-0.140642076,2,1,0,30.2474623
1,34,-0.124148432,2,1,0,42.92181422
0,38,-0.160721294,4,0,0,38.8495498
0,15,0.085966244,2,1,0,27.66490803
1,34,-0.433942084,2,1,0,31.7500302
0,23,-0.20805088,2,0,0,21.87683814
0,39,-0.139924961,2,1,0,36.02694297
0,33,-0.31274966,4,0,1,39.01816404
0,36,0.121104876,3,0,0,23.30262065
1,37,1.203231313,1,0,0,43.90260323
1,33,-0.116977283,4,1,0,38.92906184
1,48,-0.299841591,4,0,0,38.52948694
0,23,-0.489877049,4,1,0,53.75222587
1,34,0.243014415,1,0,0,49.66823447
1,23,-0.416014211,4,0,0,28.83166588
1,14,-0.113391708,2,1,0,45.26569301
1,7,-0.241038167,4,1,0,22.51805082
0,39,0.815272133,2,0,0,43.60031225
1,23,-0.114108823,4,0,0,26.73146272
0,44,-0.494179739,4,1,0,57.3984712
1,11,3.067730144,1,1,0,43.4974817
1,10,-0.124148432,2,1,0,46.98864643
1,10,0.107479692,3,0,0,29.4474798
1,17,-0.140642076,2,1,0,31.91013904
1,21,-0.150681685,2,1,0,37.83457661
1,17,-0.241755282,4,1,0,29.29720965
1,23,-0.395934993,2,1,0,55.50842503
1,14,0.043656463,4,0,0,35.99820653
0,25,-0.218807604,4,0,0,32.89175883
0,8,-0.249643546,4,1,0,20.71850152
0,10,-0.322789269,2,1,0,26.39593571
0,10,0.035051083,2,0,0,49.33132931
0,5,-0.055305399,4,0,0,24.20614753
0,33,0.542051342,3,0,0,27.03130536
1,22,-0.065345008,3,1,0,32.18242265
1,10,-0.290519097,3,1,0,38.36377756
1,19,0.035051083,2,0,0,44.29905262
1,3,-0.386612499,4,0,0,26.12977488
0,47,-0.467646486,4,0,0,31.53406619
0,38,-0.400954797,2,1,0,34.63882081
1,18,-0.324223499,4,1,0,32.41181233
1,41,-0.124148432,2,1,0,47.64863003
1,50,-0.113391708,2,1,0,44.90464995
1,32,-0.443264578,4,1,0,47.46387274
1,47,0.158394852,2,1,1,45.2564592
1,25,-0.124865547,4,0,0,29.64155992
0,13,0.973037419,1,1,0,42.30049605
0,23,0.042939348,1,1,0,52.44141623
0,36,-0.416014211,4,0,0,29.59619193
1,44,-0.218807604,4,0,0,37.13105252
1,33,0.811686558,1,0,0,21.71964654
1,22,-0.166458213,3,0,0,38.78445453
1,11,-0.226695868,4,1,0,42.71734934
0,48,-0.31561812,2,0,0,38.28332868
1,15,-0.113391708,2,1,0,48.52612311
1,6,0.202855978,3,0,0,29.06806707
1,36,-0.166458213,3,0,0,30.62814231
0,11,-0.446850153,3,0,0,37.26521222
0,5,0.400062585,2,0,0,24.315304
1,44,-0.324223499,4,1,0,37.80081826
0,5,-0.242472397,2,1,0,37.13956845
0,14,0.150506588,3,1,0,34.57377757
0,33,0.014971865,2,0,0,35.38253451
1,5,-0.084707111,2,1,0,35.45119603
0,47,-0.483423015,4,1,0,25.5157273
0,6,-0.433224969,3,1,0,53.01099205
1,36,-0.47983744,4,1,0,27.63658625
0,44,0.158394852,2,1,1,43.9864784
0,10,-0.218807604,4,0,0,36.81096262
0,33,-0.467646486,4,1,0,47.19903238
0,49,-0.232432788,3,1,0,49.68552875
0,39,0.044373577,4,0,0,37.94162961
0,37,0.118953531,2,1,1,35.45656702
1,43,-0.401671912,2,1,0,51.32130371
0,24,0.048676267,2,0,0,40.18126215
0,19,0.811686558,1,0,1,44.85348345
1,18,0.009952061,3,1,0,49.78966923
1,26,-0.09187826,3,0,0,45.48904665
1,24,0.01425475,2,0,0,35.47183347
0,33,-0.223110293,3,1,0,40.97253414
1,39,-0.385895384,3,1,0,28.34405854
1,33,0.560696331,2,1,1,37.43752893
1,34,0.040070888,1,1,0,41.38251052
1,47,-0.322789269,2,1,0,29.54139287
1,33,-0.207333765,2,0,0,23.00013077
1,3,-0.438961889,4,0,0,35.71191861
0,11,0.661809537,4,1,1,24.45704878
1,5,-0.084707111,2,1,0,39.44285295
1,41,0.796627144,1,1,0,49.11635133
1,43,0.07234106,2,1,0,25.70078284
0,33,-0.282630833,3,1,0,34.00025242
1,22,-0.166458213,3,0,0,38.46137756
1,31,-0.122714202,4,1,0,29.52590134
1,43,-0.101917869,3,0,0,46.79781883
1,10,-0.124148432,2,1,0,47.4622771
1,43,-0.134905156,2,1,1,26.5466896
1,11,0.002063796,2,0,0,30.86923863
0,6,-0.354342327,3,1,0,21.6575333
0,33,-0.228847213,3,1,1,24.36928654
0,19,-0.483423015,4,1,0,28.39819644
1,30,0.811686558,2,0,0,20.08062286
1,41,0.002063796,2,0,0,30.2113223
1,36,-0.42892228,2,1,0,31.2913314
1,39,0.049393382,2,0,0,49.2923804
0,20,0.014971865,2,0,0,33.71734573
0,34,0.469622734,2,1,0,48.67152196
0,14,0.188513679,2,1,0,43.18090783
0,6,-0.160721294,4,0,0,34.21839816
1,14,-0.083989996,4,0,0,49.36857455
0,48,-0.354342327,3,1,0,29.0321995
1,5,-0.400954797,2,1,0,37.77252493
1,43,-0.175780708,3,0,0,38.10484639
1,11,0.094571623,3,0,0,39.5899643
1,23,-0.083989996,4,0,0,40.30465642
1,31,0.468905619,2,1,1,21.98434215
0,22,-0.113391708,4,0,0,25.39326963
0,5,0.085249129,2,0,0,33.95690901
1,5,-0.278328143,4,1,0,37.96617949
1,10,-0.175780708,3,0,0,36.0571385
1,44,0.519103665,3,0,0,25.39690413
0,39,-0.415297096,4,0,0,22.97304727
0,33,0.098157198,2,0,0,51.95591668
1,41,-0.463343797,3,1,0,56.9315221
0,23,-0.114108823,4,0,0,23.32438096
0,47,-0.467646486,4,0,0,37.64608585
1,39,0.023577244,3,1,0,42.82395663
1,18,-0.420316901,2,1,0,44.0618334
1,39,-0.207333765,2,0,0,20.39638199
0,33,-0.228847213,3,1,1,20.83485708
0,41,-0.324223499,4,1,0,35.9637657
0,47,0.107479692,3,0,0,29.51749806
1,5,1.11861175,1,0,0,38.89846178
1,3,-0.084707111,2,1,0,32.98115811
1,35,-0.463343797,4,0,0,35.86501535
1,33,-0.499916658,3,1,0,33.60989766
1,18,-0.218807604,4,0,0,39.25396534
1,5,-0.241038167,3,1,0,36.13457106
1,10,-0.290519097,3,1,0,30.57772891
1,10,-0.175780708,3,0,0,31.46045534
1,1,-0.520712991,4,1,0,38.2261733
1,36,-0.083989996,4,0,0,47.75312393
0,44,-0.520712991,4,1,0,35.35631188
0,44,0.411536424,2,0,0,48.59428229
0,38,-0.276893914,1,1,0,21.73511469
0,33,-0.517127417,4,1,0,38.19664707
0,5,-0.012278502,2,1,0,57.73960544
0,44,0.542051342,3,1,1,30.16893356
0,48,-0.158569949,2,0,0,24.96356391
0,41,0.542051342,3,1,1,30.96540825
0,33,-0.116977283,4,1,0,33.47151041
0,16,0.01425475,2,0,0,35.22692689
0,5,0.164131772,2,1,0,23.31966859
0,44,-0.290519097,3,1,0,34.84286974
0,10,-0.067496352,3,1,0,25.89866551
1,39,0.302534954,2,0,0,28.78169842
1,10,-0.218807604,4,0,0,38.31883357
1,33,-0.20948511,4,0,0,38.47295466
0,10,0.035051083,2,0,0,45.22949116
1,1,1.284982415,2,0,0,25.20815341
1,41,0.417990459,1,1,0,45.02052292
1,31,-0.463343797,4,0,0,37.44275864
0,43,-0.291953327,2,1,0,33.75037143
1,43,0.579341319,1,1,0,34.00343994
0,36,-0.441830349,3,0,0,37.61255729
0,33,0.890569201,1,1,0,21.26044548
1,15,0.01425475,2,0,0,31.93782754
1,44,0.133295829,2,1,0,33.57693325
1,36,0.301100724,2,0,0,21.55481005
1,10,0.035051083,2,0,0,48.36126232
0,40,0.84825942,3,0,0,42.4380929
0,43,0.030031279,1,1,0,52.03363968
1,5,-0.438961889,4,0,0,33.55288475
0,5,-0.14996457,3,1,0,56.73748801
0,1,-0.290519097,3,1,0,31.28385611
1,40,0.122539105,3,0,0,24.92276719
1,10,-0.401671912,2,1,0,50.26986388
0,14,-0.31705235,4,1,0,37.54123497
1,48,-0.479120325,3,1,0,39.2630978
1,39,0.086683359,2,1,0,21.94535939
0,31,-0.217373374,4,1,0,49.79795052
0,49,-0.175780708,3,0,0,34.05194676
1,44,-0.101917869,3,0,0,49.42954468
0,11,-0.144944765,2,0,1,31.02633816
1,36,-0.210202225,4,0,0,33.72210781
0,14,1.261317623,1,1,0,36.06007294
0,10,-0.401671912,2,1,0,56.75198772
0,5,-0.438961889,4,0,0,32.82318832
0,33,-0.236735477,4,0,1,22.47420395
0,14,-0.360796361,4,1,0,22.10094901
0,22,-0.350756752,2,0,0,39.27626681
0,33,-0.139924961,2,1,0,34.41298626
1,7,-0.463343797,4,0,0,34.01382026
0,23,0.467471389,2,1,1,21.61371428
1,11,-0.322789269,2,1,0,29.28467751
1,33,-0.395934993,2,1,0,52.36022314
0,36,-0.09187826,3,0,0,47.38671431
0,22,0.811686558,1,0,0,20.19030641
0,14,0.435918332,2,1,0,37.23364852
0,23,0.022860129,3,1,0,46.49725539
1,11,0.579341319,1,1,0,33.19533146
1,44,-0.067496352,3,1,0,27.37167801
1,36,0.085966244,2,1,0,23.55194162
0,31,-0.282630833,3,1,0,36.21198059
1,36,-0.223827408,3,1,0,49.04701997
0,33,-0.593858715,3,1,0,43.52368445
0,33,-0.517127417,4,1,0,55.17554872
0,5,0.104611232,4,1,0,41.57645525
0,21,-0.357927901,2,0,0,39.78649635
1,31,-0.241038167,4,1,0,21.39070728
0,23,-0.397369223,3,1,1,34.3506702
0,20,-0.489877049,4,1,0,57.76123722
0,44,0.241580185,3,1,1,29.73831285
1,38,0.340542046,1,0,0,59.30522616
0,7,0.432332757,2,0,0,47.66569696
1,6,-0.543660669,4,0,0,41.17982454
0,5,1.398286575,1,0,0,51.86711671
1,1,-0.086141341,2,1,0,58.61931106
0,5,-0.241038167,3,1,0,39.18325679
0,44,-0.150681685,2,1,0,30.54737001
0,39,-0.217373374,4,1,0,40.35855352
1,31,-0.462626682,2,0,0,20.69573244
1,22,-0.113391708,4,0,0,22.35037273
0,31,-0.31705235,4,1,0,30.69099922
0,16,-0.210202225,4,0,0,35.26161622
0,10,0.030031279,1,1,0,51.16595533
0,6,-0.31274966,4,1,1,41.67040321
0,37,0.579341319,1,1,0,36.76654658
1,14,-0.395934993,2,1,0,54.81776498
1,5,-0.084707111,2,1,0,34.26670256
1,48,0.176322726,2,0,0,51.85213188
1,37,-0.229564328,3,1,0,21.21396301
1,36,-0.470514946,3,1,0,49.75716568
0,21,1.080604659,2,0,1,47.9298373
1,5,-0.479120325,3,1,0,38.34667849
0,5,0.533445963,1,1,0,56.02212494
0,21,0.107479692,3,0,0,28.12470376
0,5,-0.022318112,4,0,0,40.66919612
1,44,0.416556229,2,1,0,33.94733214
1,38,-0.054588284,2,1,0,40.83418217
0,14,-0.284782178,2,1,0,30.37387048
0,10,-0.124865547,4,0,0,24.59859083
1,5,-0.31561812,2,0,0,36.05409664
0,10,0.385003172,1,1,1,55.72387506
0,22,0.098157198,2,0,0,51.16026789
1,22,-0.463343797,4,0,0,38.08979736
1,39,0.014971865,2,0,0,39.91360568
0,34,-0.150681685,2,1,0,30.47412125
1,33,-0.114108823,2,1,0,23.31416923
1,39,-0.241038167,4,1,0,22.50595876
1,10,-0.420316901,2,1,0,42.34709866
0,33,-0.400237682,4,0,0,42.37132005
0,44,0.537748653,2,1,1,30.77729379
0,25,0.400062585,1,1,1,42.45650673
1,5,0.122539105,2,0,0,46.53065057
1,48,-0.36940174,4,0,0,45.56618854
1,10,-0.086141341,2,1,0,53.062045
1,36,0.042939348,1,1,0,55.60167737
1,40,0.535597308,3,0,0,45.98524394
1,3,-0.175780708,3,1,0,48.33455298
1,3,-0.030923491,3,0,0,46.80040776
1,36,0.01425475,2,0,0,35.13600646
1,5,0.322614172,2,1,1,52.67179875
1,34,-0.218807604,4,0,0,31.07802378
1,10,0.230106346,1,0,0,55.19912619
1,19,0.035051083,2,0,0,46.97119496
0,5,0.340542046,1,0,0,50.02323386
1,24,-0.283347948,3,1,0,33.89978423
0,28,0.246599989,1,0,0,57.57627048
0,1,0.776547926,1,1,0,56.29314678
1,43,0.07234106,2,1,0,21.11496275
0,38,0.340542046,1,0,0,50.80555354
1,5,-0.169326673,4,1,0,48.33669902
1,5,-0.169326673,4,1,0,48.68833303
0,39,0.049393382,2,0,0,48.67070102
1,33,-0.517127417,4,1,0,38.06343252
0,44,0.030031279,1,1,0,59.65902417
1,34,-0.124148432,2,1,0,46.61884337
0,10,-0.395217878,3,0,0,59.18477066
0,47,-0.137056501,4,1,1,36.08033368
1,47,0.035051083,2,0,0,43.74410164
0,5,-0.415297096,3,0,0,36.60787186
1,44,-0.232432788,3,1,0,49.21543183
1,19,0.045090692,3,1,0,58.73605243
0,18,0.796627144,1,1,0,40.69096209
0,36,-0.113391708,2,1,0,44.88238837
1,36,-0.113391708,2,1,0,46.39345674
0,18,-0.216656259,2,0,0,27.94968598
0,36,-0.31705235,4,1,0,34.05887281
0,10,1.523781689,1,1,0,58.12481549
1,17,-0.210202225,4,0,0,30.94305068
1,39,-0.112674593,2,1,0,48.72358187
0,39,-0.557285853,3,1,1,36.51341772
1,11,0.002063796,2,0,0,36.23853973
1,48,0.085249129,2,0,0,35.46168183
0,48,-0.479120325,3,1,0,37.77440609
1,13,0.117519301,4,0,0,33.9662162
0,5,-0.058890973,4,1,0,35.84579713
0,23,0.085966244,2,1,0,22.85349725
0,36,-0.404540372,3,0,0,48.80194892
1,10,0.415839114,4,0,0,50.23098154
1,33,0.098157198,2,0,0,51.65463194
1,50,0.085966244,2,1,0,21.01282149
1,43,-0.218807604,4,0,0,39.06704324
0,23,-0.113391708,2,1,0,47.53255495
0,36,-0.415297096,2,1,0,43.46962277
1,11,-0.218807604,4,0,0,30.93352973
0,50,-0.422468245,4,1,1,36.71554822
0,24,-0.351473867,2,0,0,37.81827431
0,22,-0.113391708,4,0,0,27.68665081
1,14,-0.31705235,4,1,0,31.54895878
0,17,-0.395934993,2,1,0,50.53585854
0,33,-0.517127417,4,1,0,36.766442
0,15,0.301100724,1,0,0,20.83234
0,35,0.01425475,2,0,0,39.75517989
0,19,-0.218807604,4,0,0,37.21070944
0,33,-0.385895384,3,1,0,29.80301765
0,5,0.95869512,2,0,0,27.62946447
0,50,-0.386612499,3,1,0,27.21504787
1,5,-0.027337916,3,0,0,25.72267476
0,10,-0.124148432,2,1,0,41.65957328
0,14,-0.140642076,2,1,0,38.60440575
0,26,0.467471389,2,1,1,27.11468074
1,36,-0.441830349,3,0,0,38.12235808
1,14,-0.489877049,4,1,0,59.68604123
0,49,-0.249643546,4,1,0,28.86012936
1,31,0.488267722,2,1,0,27.43435447
1,39,-0.112674593,2,1,0,46.41993255
1,44,-0.290519097,3,1,0,38.34788139
1,21,-0.09474672,4,0,0,40.69988341
1,10,-0.270439879,4,1,0,53.9453044
1,1,0.002063796,2,0,0,31.06682498
1,10,-0.216656259,2,0,0,24.15234766
1,47,-0.349322522,4,1,0,43.65624299
1,10,0.083097784,2,0,0,55.35478032
1,43,0.579341319,1,1,0,36.05935903
0,11,0.537748653,2,1,1,37.45295877
1,10,-0.520712991,4,1,0,31.45634831
1,1,0.230106346,1,0,0,57.44866123
1,33,0.149072358,2,1,0,30.05391011
1,10,0.229389231,2,1,0,55.64072318
0,21,0.030031279,1,1,0,54.38919372
1,1,0.796627144,1,1,0,40.03213404
0,44,0.035051083,2,0,0,48.52481228
0,21,0.030748394,4,0,0,35.27528028
1,47,-0.270439879,4,1,0,53.52162199
0,34,0.400062585,1,1,1,49.5526386
0,33,-0.113391708,4,0,0,28.40879998
1,47,-0.124148432,2,1,0,49.02766797
1,39,-0.20948511,4,0,0,32.60684932
1,18,1.227613221,1,1,0,31.38404025
1,47,-0.463343797,3,1,0,56.15470896
1,44,-0.467646486,4,0,0,39.25000672
0,41,-0.218807604,4,0,0,30.18243693
1,47,0.019274555,4,1,0,48.1024974
0,26,-0.309881201,2,0,0,59.13215685
1,10,-0.249643546,4,1,0,24.75845881
1,44,-0.290519097,3,1,0,31.00632787
1,10,-0.463343797,3,1,0,57.81029424
1,43,0.035051083,2,0,0,49.67207155
1,49,-0.216656259,2,0,0,25.21362628
1,47,0.107479692,3,0,0,29.03868649
1,41,-0.150681685,2,1,0,34.46632163
0,18,0.019274555,4,1,0,47.55568479
0,10,-0.124148432,2,1,0,43.13297606
1,42,-0.241755282,4,1,0,20.18091074
0,22,0.248034219,1,0,0,50.2922443
1,47,-0.324223499,4,1,0,52.58425679
0,21,0.595834963,2,1,1,40.01596816
1,7,0.023577244,3,1,0,43.76990605
1,41,0.400062585,1,1,1,46.47359698
1,10,0.002063796,2,0,0,33.14955734
1,21,-0.086141341,2,1,0,59.38540052
1,31,-0.31705235,4,1,0,39.16565985
0,11,-0.101917869,3,0,0,42.29034423
1,17,-0.218090489,4,1,0,46.0449708
1,34,-0.216656259,1,0,0,20.68468569
1,11,0.349147425,3,1,0,37.28530269
0,44,-0.507804923,2,1,1,38.67666174
0,41,0.07664375,4,0,1,33.30193015
0,21,0.79160734,1,0,1,54.83776118
1,26,-0.140642076,2,1,0,36.2592895
1,33,-0.055305399,3,1,0,25.30600907
1,31,0.437352562,2,1,0,39.79880997
0,33,-0.517127417,4,1,0,35.51440412
0,4,1.177415175,1,0,0,52.97436864
0,33,-0.31705235,4,1,0,38.18332253
1,50,2.628855804,1,0,0,38.04033541
0,31,-0.241038167,4,1,0,24.54873999
0,16,-0.283347948,3,1,0,31.73517232
1,10,-0.218807604,4,0,0,32.65663696
1,48,-0.296973132,2,0,0,46.14185363
1,33,-0.463343797,4,0,0,34.28756616
1,31,-0.517127417,4,1,0,36.25582163
0,33,-0.166458213,3,0,0,36.82503043
0,25,-0.249643546,4,1,0,29.17348942
0,4,-0.101917869,3,0,0,49.21447657
0,33,2.39722768,1,0,1,42.42242688
0,24,0.048676267,2,0,0,43.8375395
0,36,0.79160734,2,1,0,49.52558255
1,47,-0.218807604,4,0,0,32.36158394
1,7,-0.241038167,4,1,0,27.26643611
1,33,0.086683359,2,1,0,24.57969771
1,33,-0.458323992,3,1,0,55.21485855
1,10,0.283889966,2,0,0,26.34113433
1,50,-0.223827408,3,1,0,41.5823109
1,49,1.203231313,1,0,0,44.7203732
1,37,0.784436191,1,0,0,20.26758379
0,33,0.098157198,2,0,0,50.13661348
0,39,0.189230794,2,1,0,45.16399467
0,47,0.385003172,1,1,1,54.56190507
1,33,-0.074667502,2,1,0,50.71140087
0,33,0.098157198,2,0,0,53.69961939
0,44,0.579341319,1,1,0,38.03019976
0,5,-0.241038167,3,1,0,32.97727717
0,36,0.823160397,1,1,0,45.95588341
1,39,-0.20948511,4,0,0,38.54197187
0,44,-0.127734007,4,1,0,32.57557504
1,24,-0.061759433,3,0,0,54.83091738
1,10,-0.471949176,4,1,0,48.05413475
1,41,-0.463343797,3,1,0,51.30994003
1,33,0.086683359,2,1,0,28.90249911
1,33,0.488267722,2,1,0,29.35927037
0,21,-0.504219348,3,1,0,31.78533326
1,33,-0.139924961,2,1,0,38.51273398
1,50,-0.441830349,3,0,0,34.05798167
1,36,-0.113391708,2,1,0,46.96071222
1,33,0.148355243,4,0,0,57.6054414
1,16,0.085966244,1,1,0,24.95082798
1,39,-0.056739628,1,1,0,34.75850109
1,47,-0.218807604,4,0,0,36.32606907
0,44,-0.226695868,4,1,0,47.56869702
1,22,0.187796565,4,0,0,27.8165125
0,26,0.745711984,2,0,0,39.33457833
0,22,-0.517127417,4,1,0,30.90433312
0,10,-0.086141341,2,1,0,51.21689474
0,49,-0.124148432,2,1,0,48.72371497
0,50,-0.31705235,4,1,0,33.82957138
0,35,-0.210202225,4,0,0,33.14810248
1,22,0.014971865,2,0,0,39.33337928
1,11,0.229389231,2,1,0,55.67766739
1,36,-0.351473867,2,0,0,33.57822827
1,31,-0.415297096,2,1,0,41.60433445
1,1,0.582926894,3,1,0,26.49939524
1,36,-0.31561812,2,1,0,22.77951329
0,36,0.802364064,1,1,0,57.27675447
0,24,0.467471389,1,1,1,20.91568268
0,50,0.085966244,2,1,0,22.03499877
0,31,1.655013722,2,1,1,29.28690687
0,10,-0.322789269,1,1,0,23.71006499
0,31,1.511590735,2,1,1,44.56078683
1,14,-0.489877049,4,1,0,58.23958511
1,23,0.188513679,2,1,0,42.24567219
1,28,0.282455736,4,1,0,35.02729973
0,22,-0.31705235,4,1,0,37.09432808
1,22,-0.223110293,3,1,0,47.47961647
0,23,-0.283347948,3,1,0,30.50850861
1,23,-0.20805088,2,0,0,21.56102256
0,14,-0.489877049,4,1,0,57.92789931
0,28,-0.210202225,4,0,0,31.71867316
0,44,0.466754274,2,1,0,21.31062401
1,7,0.189230794,2,1,0,47.02304851
0,33,-0.139924961,2,1,0,34.45111737
1,37,0.07234106,2,1,0,21.55443698
1,15,-0.386612499,3,1,0,27.96453696
0,36,0.042939348,1,1,0,56.01001481
1,19,-0.124148432,2,1,0,40.76081484
1,16,-0.47983744,4,1,0,25.78866449
1,33,0.539182883,1,0,0,38.32654705
0,5,-0.175780708,3,1,0,46.96265401
1,5,-0.357210786,3,0,0,51.93306293
1,48,0.164131772,2,1,0,29.97192435
1,36,1.2362186,1,0,0,41.96550178
1,5,1.398286575,1,0,0,54.35804434
1,41,1.033992188,2,1,1,40.99236283
1,23,-0.075384617,2,1,0,50.46473558
1,45,-0.054588284,2,1,0,42.06643018
0,44,-0.357927901,2,0,0,30.79944824
1,36,-0.083989996,4,0,0,42.87158596
1,3,-0.012278502,2,1,0,51.05641145
1,5,-0.479120325,3,1,0,30.00445345
1,5,-0.385895384,2,1,0,46.98915303
1,3,-0.14996457,3,1,0,58.35261848
0,32,-0.438961889,4,0,0,32.26732905
0,14,0.002780911,4,0,1,21.03346652
1,1,-0.249643546,4,1,0,23.87604836
1,45,-0.497765314,4,1,0,35.60927825
1,50,-0.061759433,3,0,0,56.03913776
1,26,2.33770714,2,0,0,28.84077039
1,47,-0.208767995,3,1,0,55.31412863
0,9,-0.402389027,3,1,1,37.47316256
0,5,-0.276893914,2,1,0,29.28153155
0,33,-0.415297096,4,0,0,24.04597489
0,44,-0.150681685,2,1,0,37.26798351
0,3,0.400062585,2,0,0,26.04511292
0,23,-0.470514946,3,1,0,44.85215222
1,28,-0.056022513,3,1,0,27.57211749
0,26,0.173454266,2,1,1,48.68143013
0,3,-0.169326673,4,1,0,43.95415023
0,5,-0.438961889,4,0,0,35.90470555
1,47,-0.175780708,3,0,0,33.83534775
1,24,-0.140642076,2,1,0,39.72593889
1,23,0.486833492,1,1,0,28.92597045
1,5,-0.278328143,4,1,0,39.8830873
1,5,-0.325657729,4,1,0,23.75874116
1,16,-0.223827408,3,1,0,47.72399217
1,48,-0.467646486,4,1,0,59.15636613
1,36,-0.210202225,4,0,0,38.36388434
1,39,-0.31705235,4,1,0,34.42699097
0,48,-0.31561812,2,0,0,30.42939388
0,10,-0.249643546,4,1,0,22.47642479
1,33,1.238369945,1,0,0,42.12887086
0,10,-0.463343797,3,1,0,59.94030771
1,10,-0.519995877,2,1,0,22.30851801
1,23,0.085966244,2,1,0,28.51252337
1,1,-0.433942084,2,1,0,34.77826592
1,27,-0.113391708,3,0,0,39.6069124
0,15,0.048676267,2,0,0,41.27318237
1,23,0.048676267,2,0,0,45.40144019
0,36,-0.36653328,4,1,1,29.91990768
1,15,-0.140642076,2,1,0,31.7322118
0,6,-0.438961889,4,0,0,36.33530771
0,5,-0.158569949,1,0,0,25.87636857
0,39,0.248034219,1,0,0,58.35997077
1,33,1.095664072,2,1,0,44.15542009
1,45,-0.055305399,4,0,0,22.81824962
1,5,-0.160721294,4,0,0,33.44273695
1,5,0.085249129,2,0,0,35.66335521
1,6,0.95869512,2,0,0,22.30509903
0,14,-0.470514946,3,1,0,47.9057809
0,50,-0.351473867,2,0,0,31.27207061
0,36,-0.166458213,3,0,0,38.19932632
0,5,-0.220241834,2,1,0,48.42786193
1,33,-0.479120325,4,1,0,22.91602484
1,25,-0.471949176,4,1,0,40.67902679
1,5,-0.055305399,4,0,0,28.80154758
0,6,-0.054588284,2,1,0,44.90586858
1,8,0.035051083,2,0,0,43.73469318
1,43,-0.474817636,3,1,0,44.08693801
0,31,0.811686558,2,0,0,27.97971559
0,22,-0.463343797,4,0,0,37.79982793
1,33,-0.223110293,3,1,0,48.96004214
0,24,-0.441830349,3,0,0,32.34733704
0,21,-0.137056501,4,1,1,32.41523285
0,5,0.231540576,4,0,0,51.51645513
0,41,0.030031279,1,1,0,52.84524116
0,48,-0.31561812,2,0,0,35.92179494
1,10,0.216481162,4,0,0,49.89502182
0,5,-0.479120325,3,1,0,38.8112872
1,49,0.002063796,2,0,0,39.89491383
1,5,1.096381187,3,1,0,24.30260862
1,44,0.796627144,1,1,0,45.8244954
1,5,0.582926894,2,1,1,27.70743101
1,44,0.258073828,3,1,0,29.83377915
1,11,-0.249643546,4,1,0,26.03528249
1,39,0.247317104,2,1,0,56.16563788
0,33,0.122539105,3,0,0,25.71441719
0,15,0.888417856,1,1,0,24.80009695
0,24,-0.386612499,3,1,0,24.70300845
1,24,-0.210202225,4,0,0,33.24534842
1,20,0.302534954,2,0,0,28.601607
0,44,0.019274555,4,1,0,42.49762034
0,33,1.212553807,1,0,0,55.16341323
0,32,0.73065257,1,1,0,35.98705281
1,5,0.400062585,1,0,0,25.21478223
1,33,0.811686558,2,0,0,26.09516165
1,44,-0.467646486,4,0,0,37.55226169
0,23,-0.113391708,2,1,0,47.99514366
0,33,-0.517127417,4,1,0,32.30101175
1,38,-0.218807604,4,1,0,56.0409772
1,5,-0.022318112,4,0,0,40.38150402
0,17,-0.42892228,2,1,0,34.21060908
1,19,-0.150681685,2,1,0,38.19257607
1,34,0.579341319,1,1,0,34.47251432
1,16,-0.309881201,2,0,0,59.48749111
0,1,-0.226695868,4,1,0,41.55074302
0,37,-0.433942084,2,1,0,32.74883269
0,39,-0.055305399,3,1,0,25.89527848
1,31,-0.400237682,4,0,0,45.54504125
0,16,-0.404540372,3,0,0,49.08653034
0,36,1.261317623,1,1,0,35.03322892
1,39,-0.20948511,4,0,0,36.10694427
0,19,0.118953531,2,1,1,37.83155532
0,18,0.283889966,2,0,0,26.04539399
1,41,-0.494179739,4,1,0,51.10187651
0,39,-0.415297096,4,0,0,27.09821299
0,23,-0.42892228,2,1,0,31.03046619
0,7,-0.31705235,4,1,0,39.80500479
0,48,0.164131772,2,1,0,25.25871986
1,34,-0.175780708,3,0,0,32.18509449
0,33,0.032182624,4,1,0,44.13184278
1,4,0.002063796,2,0,0,31.18536025
1,7,-0.241038167,4,1,0,28.39598221
1,33,-0.463343797,4,0,0,32.37514741
1,14,-0.42892228,2,1,0,31.77483743
0,10,-0.290519097,3,1,0,32.65884697
1,44,-0.270439879,4,1,0,53.72303986
1,48,-0.433224969,3,1,0,57.95916609
0,14,-0.400237682,4,0,0,40.40237816
1,5,-0.278328143,4,1,0,39.62524312
0,13,-0.400954797,2,1,0,35.95777992
1,43,-0.09474672,4,0,0,48.81537323
1,39,0.098157198,2,0,0,56.71541157
0,32,-0.054588284,2,1,0,47.29614038
1,47,-0.067496352,3,1,0,26.23250938
1,36,-0.351473867,2,0,0,33.14411537
0,33,-0.415297096,4,0,0,27.10268749
1,30,-0.139924961,2,1,0,30.08331979
1,18,0.931444752,3,0,0,26.48038333
1,33,1.321555277,2,0,0,23.93082609
1,26,-0.09187826,3,0,0,42.96069223
1,5,0.164131772,2,1,0,20.57838364
0,5,-0.393783648,4,1,1,30.78296928
0,22,-0.199445501,3,1,0,59.75677298
0,20,-0.241038167,4,1,0,20.20731411
1,23,-0.210202225,4,0,0,30.21622253
0,14,-0.166458213,3,0,0,31.08125795
1,14,-0.140642076,2,1,0,30.71141968
0,47,-0.124865547,4,0,0,23.75356287
0,36,0.085966244,2,1,0,24.64429474
1,36,-0.283347948,3,1,0,33.51290675
1,25,-0.324223499,4,1,0,33.87131202
1,44,0.230106346,1,0,0,54.50131546
0,14,0.245882874,2,1,0,57.32079436
0,39,0.086683359,2,1,0,20.01036181
0,33,-0.241038167,4,1,0,26.19817832
0,38,-0.084707111,2,1,0,35.67096868
0,16,0.823160397,1,1,0,48.23112957
0,48,-0.37370443,3,0,0,41.09674303
1,50,-0.31561812,2,1,0,23.14538955
1,39,-0.415297096,2,1,0,47.91465299
0,33,-0.139924961,2,1,0,31.4740444
0,50,-0.140642076,2,1,0,34.69634535
1,34,0.035051083,2,0,0,41.29825513
1,23,-0.283347948,3,1,0,33.59998994
1,26,-0.20805088,2,0,0,25.68586141
0,6,-0.195859926,4,1,0,27.93634108
1,15,0.121104876,3,0,0,21.45915987
0,14,-0.400237682,4,0,0,42.74079706
0,31,-0.31705235,4,1,0,31.4708596
0,10,-0.232432788,3,1,0,42.0895589
1,11,-0.124148432,2,1,0,48.63657735
0,36,-0.283347948,3,1,0,33.78341396
0,33,-0.489877049,4,1,0,53.50146197
0,26,-0.113391708,2,1,0,43.38360493
0,36,5.422735592,1,0,1,54.51233911
1,5,-0.002956008,3,1,0,36.31073295
1,10,-0.150681685,2,1,0,38.54640987
1,3,-0.169326673,4,1,0,45.36453729
0,42,-0.140642076,2,1,0,33.35816862
0,10,-0.117694398,2,0,1,41.7408643
1,15,-0.31705235,4,1,0,37.07051933
1,41,-0.405974602,4,0,0,45.70293994
1,28,-0.075384617,2,1,0,56.0990057
0,22,-0.20948511,4,0,0,35.23730017
1,3,0.122539105,2,0,0,40.20029362
1,36,-0.218090489,4,1,0,42.67599191
1,21,0.07234106,2,1,0,27.29586559
1,43,0.035051083,2,0,0,47.05121036
1,39,0.149072358,2,1,0,32.76525493
0,8,-0.232432788,3,1,0,49.68094998
1,5,-0.400954797,2,1,0,35.27518385
0,16,-0.31561812,2,1,0,27.45378347
0,24,0.048676267,2,0,0,44.06488639
0,34,-0.067496352,3,1,0,25.33116702
0,36,0.085966244,2,1,0,20.0789296
0,10,-0.086141341,2,1,0,54.5291542
0,24,-0.517127417,4,1,0,32.80596564
1,48,-0.195859926,4,1,0,29.68886694
0,5,-0.278328143,4,1,0,39.60903997
0,24,0.085966244,2,1,0,21.82374196
0,6,0.604440342,2,1,0,26.13719412
1,33,-0.056739628,1,1,0,32.45777022
0,10,-0.218807604,4,0,0,32.59177238
1,3,-0.400954797,4,0,0,50.32433925
0,5,0.395759896,4,0,0,36.89637353
1,35,-0.441830349,3,0,0,35.3098178
1,15,0.031465509,4,1,0,42.21801017
1,5,-0.386612499,4,0,0,26.21292309
1,5,0.73065257,1,1,0,33.98488791
0,27,0.23225769,2,1,0,39.93450937
1,49,0.784436191,2,0,0,28.47144336
1,26,-0.210202225,4,0,0,34.39000448
1,5,0.065169911,4,1,0,20.74863658
1,48,-0.113391708,3,0,0,31.81776566
0,28,0.097440083,2,0,0,59.25002701
1,5,-0.360079246,3,1,0,30.67870608
1,5,-0.278328143,4,1,0,35.67326529
1,17,-0.297690247,3,0,0,25.47811224
1,48,0.202855978,3,0,0,26.07894212
0,14,-0.113391708,2,1,0,42.87819055
1,48,0.085249129,2,0,0,35.24786911
0,33,-0.20948511,4,0,0,30.79525143
0,28,-0.31705235,4,1,0,34.5374405
0,5,0.121104876,2,0,0,28.18383783
1,5,-0.054588284,2,1,0,41.40509159
1,48,-0.479120325,3,1,0,39.17585212
0,5,0.164131772,2,1,0,20.45436872
0,5,0.734238145,3,1,0,20.53738755
0,42,-0.351473867,2,0,0,30.68707734
0,5,1.398286575,1,0,0,51.30479183
0,5,0.116802186,1,1,0,52.56481993
0,48,0.202855978,3,0,0,20.03644155
0,50,0.301100724,2,0,0,25.88997381
0,5,0.312574563,3,0,0,45.35959583
0,5,0.117519301,4,0,0,39.92158172
0,32,0.598703422,4,1,0,38.56565512
1,5,-0.160721294,4,0,0,37.51329961
0,48,-0.054588284,2,1,0,49.89703772
0,5,1.83931226,2,0,1,32.27814157
1,32,-0.169326673,4,1,0,43.68355586
1,3,-0.386612499,4,0,0,24.8388053
1,32,-0.169326673,4,1,0,48.09231203
0,11,0.519103665,3,0,0,21.3877008
0,1,0.428030068,2,0,1,37.76956912
0,44,0.158394852,2,1,1,47.13341525
1,1,0.205007323,3,0,0,49.61426514
1,15,-0.124865547,2,1,1,25.82138535
1,15,-0.056022513,3,1,0,22.85292698
1,34,0.776547926,1,1,0,56.37694866
0,48,-0.012278502,2,1,0,55.18471788
0,39,-0.20948511,4,0,0,31.35619365
0,17,-0.31561812,2,1,0,21.66124161
1,36,-0.283347948,3,1,0,37.46422324
1,14,2.363523278,1,1,0,45.11901522
1,15,-0.075384617,2,1,0,55.54481387
1,44,1.227613221,1,1,0,34.19373011
0,10,-0.09474672,4,0,0,45.31980851
0,5,-0.054588284,2,1,0,40.15674185
1,31,0.804515409,1,1,0,51.38718137
1,36,-0.47983744,4,1,0,28.39877671
0,14,0.501892906,2,0,1,42.82719122
0,33,0.110348151,3,1,0,29.96505344
0,19,-0.402389027,3,1,1,33.5536174
0,36,0.01425475,2,0,0,30.79556292
0,10,-0.127734007,4,1,0,30.75409335
0,7,-0.517127417,4,1,0,39.26314228
0,43,0.080229324,2,0,1,28.07765302
0,44,1.203231313,1,0,0,48.20957083
0,32,-0.084707111,2,1,0,38.76989117
0,44,0.035051083,2,0,0,42.8615228
0,44,-0.3722702,4,1,1,21.90091277
0,11,-0.433942084,2,1,0,37.63151023
0,5,0.23225769,2,1,0,33.8114062
0,10,-0.150681685,4,0,0,55.95337603
0,5,0.085249129,2,0,0,35.08830163
0,5,0.085249129,2,0,0,35.63801063
0,5,0.164131772,2,1,0,29.48898094
0,23,0.121104876,3,0,0,23.75507268
0,21,0.927859178,1,0,0,30.14457311
0,23,-0.124865547,2,1,1,23.36093463
0,5,0.164131772,1,1,0,26.41232554
0,14,1.210402462,1,0,0,55.02343503
0,34,1.203231313,1,0,0,48.23704356
0,31,0.086683359,2,1,0,21.94178096
0,31,0.149072358,2,1,0,30.23367038
0,5,0.006366486,1,1,0,35.04886489
0,17,-0.47983744,4,1,0,21.04073149
0,5,-0.276893914,1,1,0,26.52809854
0,39,-0.083272881,4,0,0,49.3600608
0,10,-0.218807604,4,0,0,34.93010588
1,1,-0.290519097,3,1,0,31.78223125
0,22,-0.309881201,2,0,0,51.25139037
0,33,0.804515409,1,1,0,57.30112963
0,28,0.042939348,1,1,0,50.65633141
1,39,-0.112674593,2,1,0,42.65381757
1,7,-0.489877049,4,1,0,55.95470713
1,1,0.447392171,2,1,1,28.40257839
1,43,-0.150681685,2,1,0,30.2999037
1,36,-0.083989996,4,0,0,45.213552
1,35,-0.166458213,3,0,0,34.57057888
1,3,-0.565891232,3,0,0,39.9821479
0,10,-0.290519097,3,1,0,32.8406988
1,48,-0.022318112,4,0,0,49.62293513
1,33,-0.083272881,4,0,0,43.35845375
1,48,0.164131772,2,1,0,20.45225441
1,14,-0.283347948,3,1,0,39.10248661
1,15,1.210402462,1,0,0,55.15325069
1,44,0.720612961,2,0,0,30.76555304
1,39,0.187796565,4,0,0,26.15904571
1,15,-0.083989996,4,0,0,45.48293963
0,44,-0.324223499,4,1,0,30.396379
0,19,-0.359362131,3,1,1,46.62667583
0,33,1.061959671,2,1,1,25.49192432
0,5,-0.084707111,2,1,0,31.51657644
0,44,0.094571623,3,0,0,39.8371752
1,44,-0.324223499,4,1,0,32.09194412
1,23,-0.463343797,4,0,0,30.8437112
1,5,-0.022318112,4,0,0,48.51410955
0,5,-0.113391708,3,0,0,30.79697361
0,25,0.776547926,1,1,0,58.58112432
0,33,0.049393382,2,0,0,41.99739824
0,5,0.400062585,2,0,0,21.15622647
1,44,0.796627144,1,1,0,42.69629671
1,25,0.172737151,2,1,0,49.00387623
1,10,-0.463343797,3,1,0,53.12972918
1,25,1.203231313,1,0,0,46.58008544
1,44,-0.09474672,4,0,0,49.90386388
1,38,0.116802186,1,1,0,53.24644393
1,50,-0.389480958,3,0,0,50.35887574
1,5,0.085249129,2,0,0,34.53732816
1,36,1.2362186,1,0,0,42.28741045
1,15,0.108196807,3,0,0,33.52054281
1,48,-0.278328143,4,1,0,35.10928223
1,10,-0.494179739,4,1,0,51.59557921
0,49,-0.086141341,2,1,0,57.00769016
1,5,-0.175780708,3,1,0,45.85991274
1,3,0.176322726,2,0,0,53.57812366
0,34,0.083097784,2,0,0,57.06274505
1,50,-0.061759433,3,0,0,59.10584025
1,44,-0.520712991,4,1,0,37.75549803
1,14,0.602288997,1,1,0,35.64238326
1,25,-0.270439879,4,1,0,53.78417811
1,5,0.104611232,4,1,0,48.51974
1,47,0.205007323,3,0,0,44.76733313
0,39,-0.139924961,2,1,0,33.44496408
0,39,-0.31705235,4,1,0,39.01057509
1,34,-0.226695868,4,1,0,47.81141039
0,44,-0.494179739,4,1,0,52.15458567
1,44,-0.290519097,3,1,0,38.30632774
1,20,1.795568249,1,0,0,31.68084128
0,32,0.008517831,3,1,0,26.4234976
0,44,0.23942884,1,1,1,39.49865617
0,48,0.002063796,3,0,0,58.01206529
0,47,1.876602237,1,1,0,34.65466233
1,47,0.07234106,1,1,0,24.05174192
1,11,0.07234106,2,1,0,28.96390185
1,44,-0.433942084,2,1,0,35.84856269
1,4,-0.226695868,4,1,0,48.80593802
0,20,-0.061042318,3,0,0,50.73672733
0,33,-0.139924961,2,1,0,35.75561319
0,39,-0.428205165,2,1,0,37.3790931
0,39,-0.20948511,4,0,0,34.48661552
0,31,1.693737928,2,1,0,23.14681933
0,20,0.049393382,2,0,0,44.06784799
1,33,-0.42892228,4,0,0,57.00782233
1,31,-0.385895384,3,1,0,22.8852693
0,33,-0.499916658,3,1,0,33.71243514
0,33,0.086683359,2,1,0,22.85688165
0,39,-0.112674593,2,1,0,48.9591661
0,33,0.824594627,1,1,0,49.97906419
0,39,0.302534954,2,0,0,23.72638614
0,33,-0.31274966,4,0,1,30.49622274
0,39,-0.334263108,2,0,0,47.50518388
0,31,-0.31705235,4,1,0,38.49387516
0,39,-0.282630833,3,1,0,38.43509885
0,31,0.098157198,2,0,0,50.05209352
0,22,3.086375133,1,1,0,52.8756527
0,7,0.90634573,1,0,1,20.66192245
0,33,-0.139924961,2,1,0,38.30904472
1,10,-0.208767995,3,1,0,52.32235955
1,33,-0.139924961,2,1,0,33.38384173
0,33,2.39722768,1,0,1,47.76432136
0,39,-0.139924961,2,1,0,35.72595013
0,33,0.189230794,2,1,0,48.10963127
0,39,-0.499916658,3,1,0,32.25349315
1,46,1.238369945,1,0,0,41.01675607
0,33,0.094571623,2,0,1,20.45572966
0,33,-0.139924961,4,0,0,50.07898111
1,17,-0.262551615,4,1,0,56.44664328
1,33,0.189230794,2,1,0,40.02318677
1,39,-0.489877049,4,1,0,56.46650794
1,18,0.002063796,2,0,0,32.77435639
1,31,-0.31561812,2,1,0,20.60287812
1,31,0.96156358,3,0,0,29.12329553
1,7,-0.347171177,3,1,0,40.19788701
0,39,1.212553807,1,0,0,52.52079903
0,39,0.248034219,1,0,0,56.76467249
0,33,-0.517127417,4,1,0,33.78743723
0,33,0.046524922,3,1,1,52.05856582
1,10,-0.31131543,3,0,0,32.40109892
1,36,0.188513679,2,1,0,56.12225978
0,31,1.565374355,1,1,0,59.42711986
1,39,-0.061042318,3,0,0,59.27225761
1,24,-0.31705235,4,1,0,35.90343385
0,7,-0.31705235,4,1,0,36.72873283
0,24,0.085966244,2,1,0,21.97026459
1,39,-0.217373374,4,1,0,49.52763027
1,47,-0.175780708,3,0,0,31.34100946
1,14,-0.31705235,4,1,0,32.41796229
1,23,-0.166458213,3,0,0,33.46707137
1,42,-0.140642076,2,1,0,36.39605247
0,24,-0.389480958,3,0,0,57.8148419
0,23,-0.210202225,4,0,0,39.38894492
0,50,0.097440083,2,0,0,51.60086731
1,39,0.086683359,2,1,0,21.62061474
0,36,-0.31705235,4,1,0,38.41755281
1,23,-0.113391708,2,1,0,49.20099001
1,39,-0.385895384,3,1,0,20.1013192
1,7,-0.428205165,2,1,0,30.5698122
1,34,0.252336909,3,1,0,46.49564782
1,33,-0.463343797,4,0,0,32.41226685
1,23,0.147638128,2,1,0,33.33044436
1,23,-0.140642076,2,1,0,34.00592356
0,24,-0.31705235,4,1,0,38.60676653
1,10,-0.067496352,3,1,0,27.24654836
1,14,-0.210202225,4,0,0,34.81400181
0,44,-0.150681685,2,1,0,37.28434847
0,36,0.042939348,1,1,0,59.07898036
0,31,-0.207333765,2,0,0,29.07396683
0,14,-0.229564328,3,1,1,28.52966418
1,14,0.23369192,4,1,0,28.42172822
1,34,0.283889966,2,0,0,29.32299258
1,34,0.07234106,2,1,0,25.80227029
1,36,-0.113391708,2,1,0,47.44786913
0,50,-0.09187826,3,0,0,49.37032628
1,39,0.014971865,2,0,0,37.1807206
1,24,-0.31705235,4,1,0,39.84616081
1,23,0.486833492,2,1,0,20.96942918
0,26,-0.395934993,2,1,0,52.91122204
1,50,-0.441830349,3,0,0,34.82050092
1,11,0.579341319,1,1,0,32.50980378
1,17,-0.066062123,3,1,0,39.30592358
1,26,-0.140642076,2,1,0,36.09249037
1,36,0.01425475,2,0,0,33.27333818
1,23,0.085966244,2,1,0,22.97854701
0,14,-0.083989996,4,0,0,49.44332085
1,15,0.052978957,1,1,0,41.28559424
1,10,-0.392349418,3,1,0,29.80994568
0,7,-0.499916658,3,1,0,32.6789664
0,23,0.108196807,3,0,0,38.67317544
0,50,0.467471389,2,1,1,23.82781678
0,36,-0.395934993,2,1,0,52.17183323
1,11,-0.067496352,3,1,0,29.27851111
0,50,0.097440083,2,0,0,56.01378535
0,10,0.07234106,2,1,0,22.88998219
0,1,1.033992188,2,1,1,46.36341142
0,14,-0.210202225,4,0,0,32.91587068
0,1,-0.175780708,3,0,0,37.63874854
1,10,-0.072516157,3,0,0,56.13144156
1,37,1.000287786,2,0,1,33.90013083
1,44,-0.401671912,2,1,0,53.08966124
1,16,-0.200162615,3,1,0,56.11386469
0,26,0.159111967,3,0,1,34.14981767
0,8,-0.299124477,2,1,1,33.2876264
0,21,0.447392171,2,1,1,23.79297016
0,23,-0.114108823,4,0,0,23.63478116
1,14,-0.415297096,2,1,0,40.89827157
1,36,1.319403932,2,0,0,21.06572343
1,34,0.466754274,2,1,0,20.63646511
0,33,-0.428205165,2,1,0,32.49186513
1,36,-0.113391708,2,1,0,44.34699106
1,26,-0.297690247,3,0,0,22.41343933
1,44,-0.09474672,4,0,0,44.96113533
1,36,-0.166458213,3,0,0,35.41320296
1,10,-0.218807604,4,0,0,35.82527066
1,10,-0.175780708,3,0,0,33.09107884
1,10,-0.290519097,3,1,0,36.16893539
1,14,-0.113391708,2,1,0,48.75570463
1,50,-0.140642076,2,1,0,39.17991879
1,18,0.002063796,2,0,0,38.59954066
1,34,-0.150681685,2,1,0,32.77389402
1,14,0.048676267,2,0,0,46.87786819
1,50,-0.386612499,3,1,0,20.44156822
1,33,-0.31705235,4,1,0,37.82502798
1,39,-0.385895384,3,1,0,21.69741272
1,47,0.205007323,3,0,0,42.67008832
0,25,1.000287786,2,0,1,35.52673187
0,10,-0.072516157,3,0,0,55.1134747
0,11,-0.137056501,4,1,1,39.15346615
1,19,-0.324223499,4,1,0,37.2412018
1,44,-0.067496352,3,1,0,27.76302296
0,21,-0.150681685,4,0,0,55.84749943
0,50,-0.42892228,2,1,0,33.95510994
1,44,-0.395217878,3,0,0,50.43489107
1,43,2.341292715,1,0,1,41.30375499
1,23,0.085966244,2,1,0,25.10275107
1,23,0.810252328,2,0,0,25.69239316
0,44,-0.279762373,2,1,1,42.0210778
0,10,0.07234106,2,1,0,24.81305526
0,44,0.258073828,3,1,0,26.86385867
1,15,0.042939348,1,1,0,56.16714769
1,10,0.030031279,1,1,0,50.07558076
1,26,-0.113391708,2,1,0,46.73378743
0,15,-0.061759433,3,0,0,54.32344296
1,10,-0.463343797,3,1,0,53.23168824
1,44,0.033616853,2,0,0,26.85448031
1,44,-0.232432788,3,1,0,46.03612016
0,11,-0.124148432,2,1,0,45.57744323
0,23,1.715251377,2,0,1,25.04360962
0,34,1.674375825,2,0,1,27.03232017
0,43,-0.087575571,3,1,1,31.89088236
1,44,0.035051083,2,0,0,47.15253273
1,43,-0.218807604,4,0,0,39.9309229
1,23,0.108196807,3,0,0,31.90092325
1,18,0.002063796,2,0,0,35.58749771
1,33,0.049393382,2,0,0,42.8025563
1,23,0.188513679,2,1,0,46.58788815
1,36,0.504761366,2,0,0,55.78701772
1,25,-0.504219348,3,1,0,36.43190207
1,49,-0.086141341,2,1,0,57.30523626
0,19,-0.31992081,4,0,1,37.96500504
0,35,-0.083989996,4,0,0,41.5842784
0,4,-0.463343797,3,1,0,51.17040611
1,36,0.048676267,2,0,0,47.41999377
1,36,0.057998761,3,1,0,58.96170251
1,19,0.469622734,2,1,0,49.37484181
1,39,-0.241038167,4,1,0,22.53043637
0,44,0.158394852,2,1,1,48.79295471
0,43,-0.150681685,2,1,0,32.98369719
0,23,0.01425475,2,0,0,34.82903787
0,19,0.428030068,2,0,1,37.27570762
0,23,-0.31561812,2,1,0,27.50480959
1,25,-0.290519097,3,1,0,31.31823611
1,43,-0.09474672,4,0,0,41.66994752
1,47,-0.077535962,3,1,0,31.16376811
0,24,-0.283347948,3,1,0,34.36119705
0,23,-0.210202225,4,0,0,39.56422955
0,44,0.144769668,3,0,1,32.36265574
0,21,1.674375825,2,0,1,28.19361434
1,19,0.107479692,3,0,0,28.83929445
1,27,0.486833492,2,0,0,37.73599938
1,44,0.035051083,2,0,0,47.91473367
0,47,-0.150681685,2,1,0,32.86702415
1,5,0.002063796,3,0,0,53.23494373
1,10,1.284982415,2,0,0,23.50137669
1,44,0.107479692,3,0,0,25.73016895
0,16,-0.262551615,4,1,0,56.28917895
1,23,-0.441830349,3,0,0,33.84608514
1,5,-0.160721294,4,0,0,30.55261631
1,48,0.663243767,3,0,0,26.08683706
1,10,-0.463343797,3,1,0,56.6420847
1,7,0.811686558,2,0,0,26.54365358
1,5,0.164131772,2,1,0,20.25150985
1,10,-0.401671912,2,1,0,56.18805323
0,5,0.176322726,2,0,0,50.19079088
0,44,-0.150681685,2,1,0,39.4135729
0,24,-0.140642076,2,1,0,31.38075665
1,17,-0.31561812,2,1,0,27.02753924
0,14,-0.166458213,3,0,0,31.66785144
0,48,-0.014429847,3,1,1,33.03755364
1,6,-0.030923491,3,0,0,45.92564689
1,45,0.202855978,3,0,0,29.75576718
1,10,0.035051083,2,0,0,40.83169603
1,18,2.163448211,1,0,0,49.1999357
1,36,-0.200162615,3,1,0,56.7189425
0,5,-0.054588284,2,1,0,43.65625819
0,48,-0.012278502,2,1,0,59.47766243
1,23,-0.218090489,4,1,0,45.50474038
0,17,0.042939348,1,1,0,56.18864375
0,6,-0.054588284,2,1,0,43.21824552
0,5,-0.030923491,3,0,0,43.05207475
0,24,-0.223827408,3,1,0,49.75226157
0,3,0.085249129,2,0,0,32.0961816
0,16,-0.42892228,2,1,0,38.35877655
0,8,-0.086141341,2,1,0,58.79163182
0,5,-0.169326673,4,1,0,46.93540422
0,10,0.776547926,1,1,0,56.19328128
0,21,0.481096573,2,0,1,47.10903051
0,32,-0.084707111,2,1,0,35.01748711
1,5,0.164131772,1,1,0,23.63749285
0,44,-0.249643546,4,1,0,26.86086622
1,5,-0.497765314,4,1,0,33.4409265
1,10,-0.324223499,4,1,0,39.08970683
1,32,-0.479120325,3,1,0,35.82981843
1,5,0.164131772,2,1,0,21.33319909
1,49,-0.270439879,4,1,0,58.88167421
0,15,0.01425475,2,0,0,37.40669737
0,50,0.188513679,2,1,0,43.56697255
1,5,-0.241038167,3,1,0,32.36317384
1,11,-0.324223499,4,1,0,32.54273204
1,1,0.030031279,1,1,0,50.0768651
0,50,0.301100724,1,0,0,21.73329367
1,36,-0.237452592,4,0,1,24.2727478
0,48,0.104611232,4,1,0,46.33142586
0,3,-0.400954797,2,1,0,33.25379219
1,32,-0.218807604,4,1,0,55.37401206
1,33,-0.124148432,1,1,1,29.38110767
1,10,0.428030068,2,0,1,33.48440489
1,48,-0.276893914,1,1,0,29.8758551
0,38,0.085249129,2,0,0,30.92151689
1,6,-0.160721294,4,0,0,33.7431495
0,18,-0.494179739,4,1,0,50.23034559
0,39,-0.350756752,2,0,0,39.93403148
0,38,-0.276893914,2,1,0,23.394979
0,33,1.238369945,1,0,0,44.18365444
0,32,0.164131772,1,1,0,27.0088642
0,5,0.400062585,1,0,0,28.37463935
0,33,0.086683359,2,1,0,26.97065641
0,4,0.07234106,2,1,0,23.77235562
1,15,-0.415297096,2,1,0,46.10522096
1,23,-0.47983744,4,1,0,27.21961943
0,5,-0.195859926,4,1,0,24.43483871
0,24,0.232974805,4,0,0,43.02458312
0,23,-0.114108823,4,0,0,23.47815538
0,39,-0.112674593,2,1,0,47.90345191
0,50,-0.489877049,4,1,0,57.69260978
1,26,-0.26470296,2,1,0,47.294615
1,23,-0.083989996,4,0,0,40.94423683
1,8,0.519103665,3,0,0,25.63789731
1,29,-0.37370443,3,0,0,46.10354619
0,44,-0.067496352,3,1,0,24.98673859
0,18,0.283889966,2,0,0,24.76962108
0,44,-0.09474672,4,0,0,40.34033689
1,16,0.048676267,2,0,0,47.84536907
0,15,0.01425475,2,0,0,38.43973256
1,50,-0.166458213,3,0,0,38.15954037
1,33,-0.352908097,3,1,1,46.24909011
1,47,-0.504219348,3,1,0,33.07358096
1,36,-0.416014211,4,0,0,28.0421486
1,33,-0.055305399,3,1,0,28.12848915
1,47,-0.324223499,4,1,0,31.07500786
1,44,-0.420316901,2,1,0,40.05751496
1,6,0.008517831,3,1,0,25.94467069
1,31,1.28856799,3,0,1,21.96009358
1,14,0.042939348,1,1,0,55.2237341
1,5,0.340542046,1,0,0,52.37365989
1,31,0.488267722,2,1,0,21.64505937
0,47,0.527709044,4,0,0,40.25238216
1,44,-0.446850153,3,0,0,32.60674651
1,3,-0.030923491,3,0,0,45.26542509
1,5,-0.479120325,3,1,0,32.98775217
0,11,0.107479692,3,0,0,22.2724057
0,5,0.164131772,2,1,0,27.28709186
0,38,-0.084707111,2,1,0,37.51842069
0,26,0.085966244,2,1,0,25.38251214
1,36,-0.075384617,2,1,0,57.68744591
1,6,-0.002956008,3,1,0,39.71086503
1,5,-0.241038167,3,1,0,39.53148242
1,31,-0.463343797,4,0,0,37.76096496
1,10,-0.581667761,3,0,0,39.76175537
1,31,0.302534954,2,0,0,29.88232428
1,33,-0.309881201,2,0,0,53.88180285
1,5,-0.415297096,3,0,0,36.59262758
1,23,-0.395934993,2,1,0,57.00003761
0,33,-0.470514946,3,1,0,48.47252076
0,20,0.086683359,2,1,0,24.83329285
0,15,-0.42892228,2,1,0,30.25248424
1,26,-0.415297096,2,1,0,45.4550696
1,5,-0.415297096,3,0,0,33.41244863
0,48,-0.565891232,3,0,0,38.67845519
0,11,-0.150681685,2,1,0,35.0293587
1,43,-0.127734007,4,1,0,31.56238061
0,33,-0.223110293,3,1,0,42.08732934
1,7,0.049393382,2,0,0,46.67223112
1,20,-0.31561812,2,1,0,20.03606618
1,39,-0.139924961,2,1,0,38.9761552
0,49,1.177415175,1,0,0,58.61794528
1,29,-0.446850153,3,1,0,46.8325371
0,39,0.824594627,1,1,0,42.70829747
1,5,0.008517831,3,1,0,26.64438694
0,3,-0.479120325,3,1,0,36.22065241
0,16,0.085966244,2,1,0,29.41334772
1,48,-0.446850153,3,1,0,46.87166031
0,5,0.216481162,2,1,1,35.37542512
1,22,-0.395934993,2,1,0,53.40482217
1,7,-0.241038167,4,1,0,22.49853414
1,41,-0.067496352,3,1,0,27.95509245
1,10,-0.324223499,4,1,0,30.28364243
1,7,-0.065345008,3,1,0,33.63420638
0,10,-0.290519097,3,1,0,37.77824227
0,36,0.01425475,2,0,0,31.7860003
0,33,-0.350756752,2,0,0,31.16760357
1,39,-0.20948511,4,0,0,35.76625837
1,31,-0.428205165,2,1,0,32.78066288
1,50,0.085966244,2,1,0,24.92572054
0,26,-0.218090489,4,1,0,43.14142419
0,23,0.019274555,4,1,1,48.35903409
1,31,-0.441830349,3,0,0,37.88168834
0,49,-0.290519097,3,1,0,34.74117919
0,26,0.01425475,2,0,0,32.8009557
1,44,-0.382309809,4,1,0,55.97281709
0,50,-0.166458213,3,0,0,36.64630123
1,20,-0.112674593,2,1,0,45.79194478
1,47,-0.249643546,4,1,0,27.91270035
0,5,-0.002956008,3,1,0,38.04929958
0,10,0.002063796,2,0,0,30.37969722
1,5,-0.276893914,1,1,0,24.47949195
1,39,0.276001702,3,1,0,25.66415108
0,23,-0.210202225,4,0,0,39.62085621
1,50,-0.210202225,4,0,0,38.80257935
1,22,-0.499916658,3,1,0,37.19124073
1,14,0.01425475,2,0,0,37.8047407
1,20,0.043656463,1,1,0,57.77655897
1,47,0.133295829,2,1,0,36.9280688
1,44,0.030031279,1,1,0,57.58161927
1,1,0.361338379,2,0,0,39.66217823
1,11,-0.216656259,2,0,0,28.82715361
1,5,0.008517831,3,1,0,23.35371082
1,23,-0.386612499,3,1,0,22.62232969
1,43,0.035051083,2,0,0,41.55727839
1,39,0.189230794,2,1,0,49.53462507
1,44,0.002063796,2,0,0,39.1605689
1,47,2.163448211,1,0,0,40.04802912
0,34,-0.218807604,4,0,0,35.08973619
1,23,-0.166458213,3,0,0,39.31049693
1,47,-0.208767995,3,1,0,53.7678631
1,15,-0.140642076,2,1,0,38.05722605
0,33,-0.055305399,3,1,0,21.34370729
0,39,-0.463343797,4,0,0,36.57077968
1,32,-0.054588284,2,1,0,44.70723429
0,5,1.517327654,2,0,0,28.90257252
0,33,-0.056739628,1,1,0,30.29756451
1,19,-0.290519097,3,1,0,32.64983569
1,37,-0.471949176,4,1,0,45.21169354
1,11,-0.150681685,2,1,0,31.28891047
0,23,0.447392171,2,0,1,37.54687735
0,18,0.927859178,1,0,0,34.3043547
1,10,-0.324223499,4,1,0,32.78345314
1,5,0.164131772,2,1,0,25.05700749
1,5,-0.578082186,4,0,0,39.60108713
1,49,0.876944017,2,0,1,29.36008258
1,23,0.042939348,1,1,0,57.16006057
1,45,-0.365099051,2,1,0,53.5672397
0,48,-0.054588284,2,1,0,47.74974442
0,15,0.085966244,2,1,0,29.12777001
0,42,0.01425475,2,0,0,35.53206089
1,39,-0.247492201,3,0,0,43.3500608
1,21,-0.409560177,3,0,0,40.11451588
0,10,-0.09474672,4,0,0,47.14938265
1,10,0.361338379,2,0,0,39.40753483
0,19,0.118953531,2,1,1,30.38525336
0,7,-0.517127417,4,1,0,39.72678229
0,39,-0.428205165,2,1,0,38.12435027
1,33,-0.304144281,3,0,0,33.60104089
1,36,-0.083989996,4,0,0,47.20317349
0,37,-0.474817636,3,1,0,44.02704335
1,17,-0.31705235,4,1,0,33.69567269
1,17,-0.210202225,4,0,0,36.02301792
1,33,0.149072358,2,1,0,32.52170131
1,37,-0.405974602,4,0,0,43.83282211
1,3,-0.054588284,2,1,0,45.60356457
1,10,1.523781689,1,1,0,59.68524672
0,21,0.107479692,3,0,0,23.4982048
0,34,-0.124148432,2,1,0,47.26258399
0,14,-0.127016892,4,1,1,32.80089038
0,15,0.823160397,1,1,0,48.87769124
1,22,-0.31705235,4,1,0,31.28513132
1,28,0.121104876,3,0,0,21.74080382
1,36,-0.283347948,3,1,0,30.45684843
0,21,-0.520712991,4,1,0,33.55713194
1,1,-0.494179739,4,1,0,56.93607286
1,39,-0.385895384,3,1,0,29.98188354
1,44,-0.249643546,4,1,0,26.48094163
0,34,-0.299124477,2,1,1,31.18700771
0,21,-0.232432788,3,1,0,43.17607169
1,6,-0.113391708,3,0,0,37.39604206
0,21,-0.137056501,4,1,1,31.64648115
1,17,-0.140642076,2,1,0,38.30591712
0,39,-0.20948511,4,0,0,32.0886149
0,14,-0.140642076,2,1,0,32.77628786
1,36,-0.083989996,4,0,0,49.55955464
1,36,0.085966244,2,1,0,23.77664859
1,5,0.122539105,2,0,0,45.1495632
1,14,-0.31561812,2,1,0,25.86376498
1,36,0.274567472,3,1,0,28.31737018
1,5,0.008517831,3,1,0,26.67276208
1,24,-0.517127417,4,1,0,34.10398292
1,25,0.172020036,4,0,0,24.98828681
0,44,0.107479692,3,0,0,24.30307282
0,14,-0.076818847,3,1,1,39.41186959
0,14,-0.283347948,3,1,0,30.5988668
1,3,-0.054588284,2,1,0,46.30518699
1,15,-0.415297096,2,1,0,48.67291415
1,5,-0.558720083,2,1,0,38.69332336
1,1,-0.124148432,2,1,0,40.72108725
1,1,0.080229324,2,0,1,22.727289
1,44,-0.520712991,4,1,0,37.18381798
1,25,-0.357927901,2,0,0,30.44739936
1,16,-0.517127417,4,1,0,33.41020252
0,14,-0.241755282,4,1,0,27.91138201
0,27,-0.175780708,3,1,0,46.97853477
1,25,-0.127734007,4,1,0,36.1233384
1,48,-0.37370443,3,0,0,48.08761379
1,50,1.319403932,1,0,0,21.41054404
1,4,-0.124148432,2,1,0,43.66808893
1,14,0.085966244,1,1,0,28.28270534
0,26,-0.517127417,4,1,0,37.72203573
0,19,-0.433942084,2,1,0,30.44834625
0,26,0.246599989,1,0,0,51.64813834
1,1,0.283889966,2,0,0,20.31136098
1,25,0.030748394,4,0,0,35.43290839
1,43,0.927859178,1,0,0,33.55551597
0,44,-0.124148432,2,1,0,42.95751523
0,50,-0.09187826,3,0,0,45.50766464
0,3,-0.054588284,2,1,0,41.84889284
1,24,-0.517127417,4,1,0,30.03774511
1,44,-0.09474672,4,0,0,43.38959591
1,1,0.002063796,2,0,0,30.8542877
1,14,-0.470514946,3,1,0,49.59127535
1,5,-0.054588284,2,1,0,40.56054581
1,5,1.485057482,2,1,0,29.9352212
1,45,0.002063796,3,0,0,58.97815221
1,5,-0.446850153,3,1,0,49.25623307
1,45,-0.084707111,2,1,0,37.74830117
1,48,-0.113391708,3,0,0,33.9774472
1,5,-0.160721294,4,0,0,36.23329593
1,3,-0.084707111,4,0,0,52.99504294
0,27,0.23225769,2,1,0,30.8358708
0,5,0.276001702,2,1,0,45.33826735
0,38,-0.278328143,4,1,0,34.90712336
1,5,-0.443264578,4,1,0,44.18541662
0,5,1.426254058,1,0,0,46.10949941
1,5,0.176322726,2,0,0,54.67225095
1,5,-0.479120325,3,1,0,34.19597208
1,5,-0.467646486,4,1,0,56.56065902
0,5,-0.195859926,4,1,0,26.14544667
0,32,-0.054588284,2,1,0,40.05727365
0,5,-0.386612499,4,0,0,20.96123572
1,6,-0.354342327,3,1,0,23.95211528
1,29,-0.055305399,4,0,0,27.73401595
0,5,-0.479120325,3,1,0,36.33403682
1,3,-0.054588284,2,1,0,45.68376832
1,5,0.008517831,3,1,0,28.98199189
0,5,0.085249129,2,0,0,38.46856967
0,5,0.081663554,3,1,1,49.39583428
