"x","y","sp","li","RGR"
0.09,0.19,"Fs",0.09,7.61
0.12,0.14,"Fs",0.12,7.711
0.15,0.18,"Fs",0.15,8.143
0.2,0.11,"Fs",0.2,7.24
0.12,0.06,"Fs",0.12,8.309
0.18,0.17,"Fs",0.18,6.615
0.23,0.21,"Fs",0.23,7.732
0.18,0.18,"Fs",0.18,7.288
0.13,0.07,"Fs",0.13,9.646
0.2,0.17,"Fs",0.2,8.208
0.21,0.16,"Fs",0.21,6.792
0.11,0.2,"Fs",0.11,7.579
0.16,0.18,"Fs",0.16,8.125
0.17,0.1,"Fs",0.17,8.91
0.19,0.28,"Fs",0.19,7.103
0.12,0.09,"Fs",0.12,9.13
0.22,0.07,"Fs",0.22,9.614
0.11,0.13,"Fs",0.11,9.712
0.23,0.15,"Fs",0.23,7.228
0.17,0.2,"Fs",0.17,9.119
0.14,0.1,"Fs",0.14,8.534
0.21,0.18,"Fs",0.21,7.12
0.09,0.18,"Fs",0.09,9.082
0.2,0.16,"Fs",0.2,6.594
0.25,0.15,"Fs",0.25,5.902
0.13,0.16,"Fs",0.13,6.731
0.12,0.1,"Fs",0.12,6.36
0.17,0.19,"Fs",0.17,9.133
0.14,0.17,"Fs",0.14,7.015
0.21,0.05,"Fs",0.21,7.806
0.19,0.17,"Fs",0.19,7.817
0.18,0.1,"Fs",0.18,5.835
0.21,0.24,"Fs",0.21,7.788
0.06,0.1,"Fs",0.06,10.036
0.17,0.04,"Fs",0.17,5.848
0.18,0.13,"Fs",0.18,6.909
0.09,0.15,"Fs",0.09,8.223
0.13,0.17,"Fs",0.13,9.423
0.16,0.14,"Fs",0.16,8.488
0.26,0.22,"Fs",0.26,7.005
0.23,0.16,"Fs",0.23,6.336
0.19,0.13,"Fs",0.19,8.575
0.22,0.19,"Fs",0.22,7.956
0.08,0.13,"Fs",0.08,10.93
0.12,0.19,"Fs",0.12,8.978
0.25,0.19,"Fs",0.25,7.161
0.24,0.21,"Fs",0.24,8.387
0.17,0.13,"Fs",0.17,8.766
0.06,0.25,"Fs",0.06,9.557
0.83,0.69,"Fs",0.83,10.8
0.73,0.83,"Fs",0.73,7.973
0.81,0.89,"Fs",0.81,8.17
0.76,0.81,"Fs",0.76,9.089
0.82,0.89,"Fs",0.82,7.86
0.73,0.74,"Fs",0.73,9.09
0.79,0.73,"Fs",0.79,10.16
0.73,0.73,"Fs",0.73,7.115
0.82,0.77,"Fs",0.82,9.779
0.81,0.8,"Fs",0.81,8.136
0.84,0.83,"Fs",0.84,7.389
0.73,0.81,"Fs",0.73,7.629
0.71,0.78,"Fs",0.71,7.293
0.79,0.75,"Fs",0.79,9.899
0.83,0.84,"Fs",0.83,6.75
0.75,0.88,"Fs",0.75,8.675
0.8,0.81,"Fs",0.8,8.017
0.81,0.76,"Fs",0.81,8.46
0.72,0.73,"Fs",0.72,8.094
0.73,0.82,"Fs",0.73,8.692
0.77,0.85,"Fs",0.77,8.295
0.82,0.82,"Fs",0.82,7.932
0.84,0.79,"Fs",0.84,10.424
0.77,0.79,"Fs",0.77,8.989
0.86,0.73,"Fs",0.86,10.575
0.79,0.8,"Fs",0.79,10.567
0.79,0.77,"Fs",0.79,8.353
0.81,0.79,"Fs",0.81,7.737
0.8,0.76,"Fs",0.8,9.27
0.71,0.83,"Fs",0.71,7.728
0.82,0.84,"Fs",0.82,7.446
0.42,0.04,"Fs",0.42,6.774
0.47,0.01,"Fs",0.47,8.44
0.49,0.09,"Fs",0.49,8.232
0.5,0,"Fs",0.5,7.898
0.38,0.09,"Fs",0.38,7.702
0.4,0.06,"Fs",0.4,8.11
0.35,0.03,"Fs",0.35,9.396
0.46,0.04,"Fs",0.46,7.275
0.48,0.07,"Fs",0.48,6.147
0.43,0.07,"Fs",0.43,8.272
0.44,0.07,"Fs",0.44,7.491
0.52,0.07,"Fs",0.52,8.846
0.48,0.01,"Fs",0.48,7.909
0.46,0.01,"Fs",0.46,9.365
0.5,0.04,"Fs",0.5,6.212
0.36,0.01,"Fs",0.36,8.705
0.48,0,"Fs",0.48,8.418
0.49,0.01,"Fs",0.49,6.638
0.43,0.03,"Fs",0.43,8.082
0.76,0.06,"Fs",0.76,10.19
0.84,0.03,"Fs",0.84,7.906
0.8,0.07,"Fs",0.8,8.611
0.79,0.03,"Fs",0.79,7.917
0.84,0.01,"Fs",0.84,5.33
0.81,0.04,"Fs",0.81,7.041
0.84,0.06,"Fs",0.84,5.372
0.73,0.02,"Fs",0.73,7.603
0.85,0.13,"Fs",0.85,6.945
0.82,0.02,"Fs",0.82,7.139
0.8,0.01,"Fs",0.8,8.481
0.77,0.03,"Fs",0.77,7.245
0.76,0.01,"Fs",0.76,6.557
0.83,0.03,"Fs",0.83,7.269
0.89,0.05,"Fs",0.89,7.82
0.23,0.01,"Fs",0.23,8.045
0.21,0.01,"Fs",0.21,6.951
0.23,0.04,"Fs",0.23,6.814
0.61,0.83,"Fs",0.61,9.335
0.55,0.75,"Fs",0.55,8.154
0.54,0.75,"Fs",0.54,7.402
0.64,0.77,"Fs",0.64,6.147
0.65,0.91,"Fs",0.65,6.575
0.59,0.81,"Fs",0.59,7.458
0.54,0.86,"Fs",0.54,8.471
0.56,0.85,"Fs",0.56,7.385
0.51,0.82,"Fs",0.51,7.39
0.64,0.76,"Fs",0.64,7.668
0.56,0.76,"Fs",0.56,6.574
0.56,0.72,"Fs",0.56,6.166
0.5,0.83,"Fs",0.5,9.7
0.61,0.86,"Fs",0.61,10.31
0.68,0.82,"Fs",0.68,7.14
0.59,0.79,"Fs",0.59,5.685
0.49,0.89,"Fs",0.49,8.821
0.62,0.77,"Fs",0.62,8.068
0.59,0.86,"Fs",0.59,7.754
0.61,0.78,"Fs",0.61,7.981
0.62,0.73,"Fs",0.62,10.328
0.52,0.81,"Fs",0.52,6.877
0.57,0.75,"Fs",0.57,7.438
0.64,0.81,"Fs",0.64,8.795
0.55,0.78,"Fs",0.55,8.824
0.58,0.86,"Fs",0.58,7.86
0.59,0.75,"Fs",0.59,9.004
0.53,0.8,"Fs",0.53,8.518
0.51,0.87,"Fs",0.51,6.411
0.57,0.82,"Fs",0.57,9.513
0.54,0.84,"Fs",0.54,8.953
0.63,0.85,"Fs",0.63,7.817
0.57,0.81,"Fs",0.57,8.369
0.58,0.79,"Fs",0.58,8.574
0.59,0.71,"Fs",0.59,6.179
0.6,0.72,"Fs",0.6,8.091
0.51,0.88,"Fs",0.51,7.941
0.48,0.83,"Fs",0.48,8.663
0.56,0.81,"Fs",0.56,6.477
0.57,0.77,"Fs",0.57,6.654
0.99,0.03,"Fs",0.99,8.218
0.87,0.55,"Fs",0.87,8.068
0.95,0.59,"Fs",0.95,7.581
0.97,0.62,"Fs",0.97,9.24
0.98,0.57,"Fs",0.98,9.448
0.9,0.56,"Fs",0.9,9.843
0.9,0.57,"Fs",0.9,10.109
0.97,0.49,"Fs",0.97,8.665
0.95,0.52,"Fs",0.95,8.612
0.87,0.5,"Fs",0.87,11.404
0.93,0.5,"Fs",0.93,10.639
0.89,0.48,"Fs",0.89,9.915
0.96,0.56,"Fs",0.96,8.766
0.98,0.6,"Fs",0.98,10.588
0.96,0.55,"Fs",0.96,7.548
0.95,0.5,"Fs",0.95,8.935
0.88,0.5,"Fs",0.88,9.138
0.9,0.55,"Fs",0.9,9.197
0.99,0.66,"Fs",0.99,8.83
0.97,0.64,"Fs",0.97,7.431
0.96,0.64,"Fs",0.96,9.649
0.95,0.54,"Fs",0.95,9.645
0.93,0.62,"Fs",0.93,8.344
0.97,0.54,"Fs",0.97,11.596
0.97,0.47,"Fs",0.97,10.816
0.97,0.51,"Fs",0.97,7.631
0.92,0.59,"Fs",0.92,8.809
0.93,0.55,"Fs",0.93,8.08
0.85,0.55,"Fs",0.85,10.168
0.91,0.59,"Fs",0.91,9.977
0.97,0.58,"Fs",0.97,9.392
0.98,0.55,"Fs",0.98,9.757
0.92,0.52,"Fs",0.92,7.775
0.87,0.52,"Fs",0.87,10.078
0.75,0.13,"Fs",0.75,6.114
0.81,0.08,"Fs",0.81,7.809
0.82,0.15,"Fs",0.82,7.577
0.75,0.06,"Fs",0.75,6.333
0.76,0.02,"Fs",0.76,8.278
0.84,0.04,"Fs",0.84,7.121
0.79,0.04,"Fs",0.79,7.72
0.8,0.15,"Fs",0.8,7.182
0.74,0.09,"Fs",0.74,6.444
0.77,0.01,"Fs",0.77,5.009
0.86,0,"Fs",0.86,7.356
0.8,0.03,"Fs",0.8,6.824
0.84,0.08,"Fs",0.84,7.352
0.8,0.08,"Fs",0.8,8.322
0.81,0.02,"Fs",0.81,8.231
0.94,0.03,"Fs",0.94,6.435
0.82,0.09,"Fs",0.82,6.355
0.84,0.07,"Fs",0.84,6.967
0.85,0.02,"Fs",0.85,6.835
0.77,0.05,"Fs",0.77,7.702
0.87,0.01,"Fs",0.87,7.256
0.94,0.08,"Fs",0.94,7.276
0.79,0.06,"Fs",0.79,5.36
0.75,0.08,"Fs",0.75,5.95
0.85,0.09,"Fs",0.85,7.058
0.76,0.07,"Fs",0.76,7.753
0.83,0.16,"Fs",0.83,7.895
0.82,0.06,"Fs",0.82,6.198
0.82,0.07,"Fs",0.82,8.084
0.82,0.11,"Fs",0.82,7.401
0.77,0.15,"Fs",0.77,7.493
0.78,0.03,"Fs",0.78,7.177
0.77,0.06,"Fs",0.77,8.237
0.7,0.04,"Fs",0.7,7.57
0.84,0.05,"Fs",0.84,9.857
0.31,0.59,"Fs",0.31,9.002
0.24,0.6,"Fs",0.24,9.278
0.38,0.55,"Fs",0.38,7.777
0.24,0.61,"Fs",0.24,7.653
0.3,0.57,"Fs",0.3,6.691
0.36,0.66,"Fs",0.36,7.781
0.25,0.61,"Fs",0.25,6.618
0.26,0.59,"Fs",0.26,7.8
0.37,0.54,"Fs",0.37,7.475
0.3,0.7,"Fs",0.3,5.49
0.23,0.68,"Fs",0.23,8.145
0.3,0.54,"Fs",0.3,6.896
0.39,0.6,"Fs",0.39,8.737
0.21,0.6,"Fs",0.21,7.243
0.34,0.63,"Fs",0.34,8.559
0.31,0.61,"Fs",0.31,7.721
0.28,0.53,"Fs",0.28,5.809
0.32,0.66,"Fs",0.32,7.962
0.34,0.65,"Fs",0.34,8.706
0.27,0.64,"Fs",0.27,8.414
0.27,0.72,"Fs",0.27,6.73
0.28,0.57,"Fs",0.28,5.544
0.15,0.63,"Fs",0.15,6.008
0.36,0.54,"Fs",0.36,8.692
0.24,0.57,"Fs",0.24,6.913
0.27,0.66,"Fs",0.27,7.557
0.3,0.63,"Fs",0.3,8.943
0.27,0.5,"Fs",0.27,6.088
0.32,0.59,"Fs",0.32,8.049
0.35,0.6,"Fs",0.35,7.218
0.23,0.6,"Fs",0.23,9.515
0.3,0.52,"Fs",0.3,4.547
0.28,0.58,"Fs",0.28,6.256
0.21,0.58,"Fs",0.21,8.915
0.3,0.68,"Fs",0.3,6.603
0.38,0.65,"Fs",0.38,10.037
0.2,0.38,"Fs",0.2,6.828
0.08,0.31,"Fs",0.08,9.184
0.06,0.36,"Fs",0.06,9.142
0.1,0.25,"Fs",0.1,8.443
0.13,0.29,"Fs",0.13,8.313
0.09,0.28,"Fs",0.09,8.724
0.15,0.34,"Fs",0.15,8.717
0.05,0.38,"Fs",0.05,9.392
0.05,0.34,"Fs",0.05,9.25
0.16,0.35,"Fs",0.16,7.889
0.23,0.37,"Fs",0.23,8.862
0.12,0.34,"Fs",0.12,9.284
0.12,0.35,"Fs",0.12,10.278
0.08,0.32,"Fs",0.08,9.699
0.05,0.31,"Fs",0.05,9.799
0.13,0.38,"Fs",0.13,7.589
0.06,0.28,"Fs",0.06,9.227
0.16,0.51,"Fs",0.16,6.764
0.14,0.36,"Fs",0.14,6.371
0.14,0.31,"Fs",0.14,6.78
0.07,0.4,"Fs",0.07,8.213
0.12,0.44,"Fs",0.12,8.605
0.14,0.28,"Fs",0.14,8.42
0.08,0.33,"Fs",0.08,8.835
0.14,0.3,"Fs",0.14,8.257
0.11,0.33,"Fs",0.11,8.344
0.18,0.28,"Fs",0.18,6.498
0.18,0.35,"Fs",0.18,7.65
0.05,0.29,"Fs",0.05,8.932
0.15,0.24,"Fs",0.15,6.919
0.13,0.26,"Fs",0.13,6.718
0.18,0.33,"Fs",0.18,8.1
0.14,0.32,"Fs",0.14,9.325
0.14,0.34,"Fs",0.14,6.021
0.17,0.38,"Fs",0.17,7.12
0.15,0.43,"Fs",0.15,7.976
0.22,0.37,"Fs",0.22,6.909
0.02,0.31,"Fs",0.02,7.317
0.98,0.16,"Fs",0.98,8.38
0.99,0.18,"Fs",0.99,8.185
0.97,0.21,"Fs",0.97,8.211
0.98,0.24,"Fs",0.98,8.16
0.97,0.19,"Fs",0.97,9.233
0.82,0.98,"Fs",0.82,8.996
0.73,0.96,"Fs",0.73,9.291
0.81,0.96,"Fs",0.81,10.829
0.74,1,"Fs",0.74,9.255
0.77,0.95,"Fs",0.77,8.651
0.85,0.98,"Fs",0.85,8.411
0.81,1,"Fs",0.81,8.671
0.76,1,"Fs",0.76,7.172
0.73,0.99,"Fs",0.73,8.161
0.83,0.98,"Fs",0.83,10.234
0.81,0.94,"Fs",0.81,9.295
0.72,0.97,"Fs",0.72,9.389
0.86,1,"Fs",0.86,9.841
0.74,0.92,"Fs",0.74,9.778
0.03,0.33,"Fs",0.03,9.224
0.07,0.29,"Fs",0.07,11.073
0.02,0.3,"Fs",0.02,9.123
0.04,0.26,"Fs",0.04,8.502
0,0.32,"Fs",0,7.94
0.01,0.34,"Fs",0.01,8.115
0.03,0.27,"Fs",0.03,9.741
0.03,0.3,"Fs",0.03,7.905
0.04,0.32,"Fs",0.04,8.41
0.08,0.24,"Fs",0.08,8.602
0.08,0.35,"Fs",0.08,9.908
0.06,0.27,"Fs",0.06,8.082
0.01,0.3,"Fs",0.01,7.503
0.01,0.32,"Fs",0.01,10.007
0.28,0.39,"Fs",0.28,7.685
0.3,0.34,"Fs",0.3,8.524
0.27,0.47,"Fs",0.27,6.715
0.29,0.37,"Fs",0.29,7.979
0.32,0.41,"Fs",0.32,7.159
0.25,0.44,"Fs",0.25,6.096
0.29,0.41,"Fs",0.29,7.561
0.18,0.45,"Fs",0.18,5.569
0.23,0.44,"Fs",0.23,6.117
0.26,0.43,"Fs",0.26,8.941
0.27,0.38,"Fs",0.27,9.034
0.33,0.5,"Fs",0.33,7.955
0.26,0.44,"Fs",0.26,7.823
0.23,0.39,"Fs",0.23,7.934
0.2,0.46,"Fs",0.2,8.392
0.28,0.5,"Fs",0.28,6.733
0.24,0.37,"Fs",0.24,7.346
0.18,0.43,"Fs",0.18,9.041
0.22,0.4,"Fs",0.22,6.843
0.17,0.5,"Fs",0.17,8.141
0.25,0.33,"Fs",0.25,8.344
0.25,0.42,"Fs",0.25,8.424
0.23,0.35,"Fs",0.23,8.222
0.22,0.51,"Fs",0.22,8.499
0.31,0.33,"Fs",0.31,7.639
0.26,0.45,"Fs",0.26,7.217
0.3,0.41,"Fs",0.3,7.049
0.25,0.36,"Fs",0.25,6.567
0.23,0.46,"Fs",0.23,8.932
0.34,0.38,"Fs",0.34,7.692
0.31,0.39,"Fs",0.31,8.688
0.21,0.37,"Fs",0.21,6.723
0.35,0.41,"Fs",0.35,7.414
0.23,0.42,"Fs",0.23,6.734
0.28,0.43,"Fs",0.28,7.786
0.25,0.49,"Fs",0.25,8.474
0.18,0.42,"Fs",0.18,7.438
0.22,0.34,"Fs",0.22,8.15
0.73,0.52,"Fs",0.73,11.087
0.75,0.41,"Fs",0.75,9.013
0.74,0.49,"Fs",0.74,10.187
0.76,0.39,"Fs",0.76,8.665
0.77,0.43,"Fs",0.77,7.995
0.75,0.35,"Fs",0.75,8.165
0.74,0.52,"Fs",0.74,7.9
0.8,0.44,"Fs",0.8,10.801
0.64,0.32,"Fs",0.64,7.78
0.66,0.48,"Fs",0.66,8.479
0.68,0.4,"Fs",0.68,6.951
0.77,0.37,"Fs",0.77,7.049
0.8,0.35,"Fs",0.8,6.711
0.61,0.37,"Fs",0.61,7.248
0.69,0.25,"Fs",0.69,7.833
0.74,0.35,"Fs",0.74,8.496
0.72,0.42,"Fs",0.72,7.401
0.72,0.47,"Fs",0.72,7.189
0.68,0.42,"Fs",0.68,9.659
0.73,0.53,"Fs",0.73,9.637
0.78,0.44,"Fs",0.78,9.722
0.67,0.44,"Fs",0.67,8.318
0.81,0.39,"Fs",0.81,7.719
0.81,0.4,"Fs",0.81,9.322
0.71,0.42,"Fs",0.71,9.45
0.7,0.45,"Fs",0.7,9.712
0.61,0.4,"Fs",0.61,9.153
0.68,0.34,"Fs",0.68,6.538
0.79,0.48,"Fs",0.79,7.264
0.73,0.42,"Fs",0.73,9.696
0.66,0.4,"Fs",0.66,8.856
0.68,0.33,"Fs",0.68,8.678
0.75,0.45,"Fs",0.75,8.968
0.68,0.37,"Fs",0.68,8.139
0.7,0.33,"Fs",0.7,8.912
0.64,0.39,"Fs",0.64,7.456
0.71,0.31,"Fs",0.71,9.8
0.73,0.33,"Fs",0.73,7.946
0.84,0.38,"Fs",0.84,8.223
0.78,0.4,"Fs",0.78,10.217
0.78,0.41,"Fs",0.78,7.341
0.71,0.26,"Fs",0.71,8.293
0.99,0.26,"Fs",0.99,8.37
0,0.41,"Fs",0,8.804
0.01,0.54,"Fs",0.01,7.154
0.02,0.55,"Fs",0.02,7.376
0,0.48,"Fs",0,8.605
0.05,0.5,"Fs",0.05,7.892
0.05,0.04,"Fs",0.05,10.411
0.13,0.05,"Fs",0.13,7.4
0.13,0.03,"Fs",0.13,9.91
0.11,0.03,"Fs",0.11,7.07
0.08,0.03,"Fs",0.08,7.28
0.19,0.01,"Fs",0.19,6.586
0.09,0.04,"Fs",0.09,7.06
0.11,0.01,"Fs",0.11,7.277
0.16,0.03,"Fs",0.16,7.203
0.08,0.11,"Fs",0.08,8.031
0.58,0.33,"Fs",0.58,8.848
0.59,0.28,"Fs",0.59,6.628
0.65,0.27,"Fs",0.65,6.141
0.57,0.42,"Fs",0.57,7.564
0.6,0.35,"Fs",0.6,8.298
0.57,0.35,"Fs",0.57,7.914
0.58,0.29,"Fs",0.58,5.558
0.56,0.29,"Fs",0.56,7.14
0.63,0.25,"Fs",0.63,6.913
0.63,0.3,"Fs",0.63,9.248
0.61,0.23,"Fs",0.61,6.915
0.62,0.21,"Fs",0.62,6.288
0.54,0.28,"Fs",0.54,7.651
0.58,0.26,"Fs",0.58,6.711
0.56,0.24,"Fs",0.56,5.539
0.64,0.35,"Fs",0.64,8.141
0.55,0.31,"Fs",0.55,5.874
0.62,0.38,"Fs",0.62,8.927
0.66,0.3,"Fs",0.66,6.351
0.61,0.21,"Fs",0.61,6.359
0.54,0.32,"Fs",0.54,7.423
0.59,0.25,"Fs",0.59,7.051
0.67,0.33,"Fs",0.67,6.75
0.67,0.24,"Fs",0.67,7.982
0.64,0.28,"Fs",0.64,9.958
0.55,0.26,"Fs",0.55,6.578
0.62,0.19,"Fs",0.62,5.37
0.59,0.26,"Fs",0.59,6.747
0.57,0.34,"Fs",0.57,8.531
0.57,0.32,"Fs",0.57,8.372
0.64,0.37,"Fs",0.64,9.081
0.58,0.24,"Fs",0.58,6.492
0.55,0.33,"Fs",0.55,7.361
0.6,0.26,"Fs",0.6,6.925
0.68,0.28,"Fs",0.68,8.843
0.59,0.24,"Fs",0.59,7.059
0.52,0.29,"Fs",0.52,7.834
0.69,0.32,"Fs",0.69,9.296
0.55,0.34,"Fs",0.55,6.812
0.55,0.3,"Fs",0.55,7.882
0.52,0.28,"Fs",0.52,5.098
0.02,0.1,"Fs",0.02,9.186
0.05,0.14,"Fs",0.05,7.707
0.06,0.08,"Fs",0.06,10.269
0.02,0.12,"Fs",0.02,6.83
0.02,0.19,"Fs",0.02,9.531
0.01,0.21,"Fs",0.01,6.692
0.09,0.05,"Fs",0.09,7.695
0.02,0.04,"Fs",0.02,9.049
0.04,0.05,"Fs",0.04,9.771
0.08,0.06,"Fs",0.08,10.132
0.01,0.08,"Fs",0.01,7.045
0.01,0.13,"Fs",0.01,8.798
0.01,0.05,"Fs",0.01,9.304
0.73,0.54,"Fs",0.73,7.96
0.71,0.53,"Fs",0.71,8.845
0.74,0.65,"Fs",0.74,11.327
0.66,0.55,"Fs",0.66,11.475
0.67,0.61,"Fs",0.67,9.222
0.69,0.59,"Fs",0.69,10.189
0.72,0.63,"Fs",0.72,9.928
0.64,0.57,"Fs",0.64,10.366
0.7,0.6,"Fs",0.7,11.853
0.65,0.59,"Fs",0.65,10.146
0.76,0.66,"Fs",0.76,10.009
0.6,0.46,"Fs",0.6,7.961
0.73,0.7,"Fs",0.73,9.326
0.67,0.57,"Fs",0.67,9.548
0.72,0.52,"Fs",0.72,8.262
0.73,0.6,"Fs",0.73,9.552
0.73,0.55,"Fs",0.73,8.986
0.7,0.59,"Fs",0.7,9.387
0.75,0.58,"Fs",0.75,9.924
0.69,0.56,"Fs",0.69,9.326
0.65,0.76,"Fs",0.65,8.72
0.85,0.53,"Fs",0.85,7.568
0.68,0.57,"Fs",0.68,12.543
0.63,0.59,"Fs",0.63,9.448
0.72,0.54,"Fs",0.72,7.804
0.75,0.53,"Fs",0.75,10.91
0.69,0.57,"Fs",0.69,9.576
0.66,0.62,"Fs",0.66,10.214
0.75,0.51,"Fs",0.75,8.765
0.77,0.62,"Fs",0.77,10.045
0.75,0.64,"Fs",0.75,10.401
0.76,0.67,"Fs",0.76,10.634
0.68,0.62,"Fs",0.68,9.413
0.69,0.61,"Fs",0.69,9.423
0.71,0.72,"Fs",0.71,8.185
0.81,0.64,"Fs",0.81,10.363
0.74,0.57,"Fs",0.74,9.094
0.65,0.65,"Fs",0.65,7.904
0.71,0.57,"Fs",0.71,10.694
0.67,0.63,"Fs",0.67,9.077
0.66,0.63,"Fs",0.66,9.856
0.77,0.57,"Fs",0.77,10.932
0.67,0.51,"Fs",0.67,8.949
0.77,0.56,"Fs",0.77,8.273
0.7,0.61,"Fs",0.7,10.517
0.73,0.59,"Fs",0.73,8.556
0.97,0.7,"Fs",0.97,10.748
0.98,0.85,"Fs",0.98,8.567
0.98,0.72,"Fs",0.98,8.869
0.93,0.75,"Fs",0.93,11.094
0.99,0.82,"Fs",0.99,10.185
0.99,0.76,"Fs",0.99,9.685
0.98,0.78,"Fs",0.98,9.616
0.98,0.87,"Fs",0.98,10.041
1,0.8,"Fs",1,9.5
0.8,0.99,"Fs",0.8,8.976
0.87,0.92,"Fs",0.87,9.731
0.71,0.97,"Fs",0.71,6.27
0.85,0.97,"Fs",0.85,10.006
0.89,0.98,"Fs",0.89,8.533
0.79,0.97,"Fs",0.79,7.832
0.77,0.97,"Fs",0.77,8.702
0.81,0.98,"Fs",0.81,7.538
0.96,0.94,"Fs",0.96,9.959
0.81,0.97,"Fs",0.81,9.439
0.88,0.98,"Fs",0.88,10.661
0.87,0.98,"Fs",0.87,6.855
0.95,0.98,"Fs",0.95,7.674
0.9,0.91,"Fs",0.9,8.972
0.91,0.98,"Fs",0.91,7.02
0.84,0.92,"Fs",0.84,9.115
0.35,0.1,"Fs",0.35,7.221
0.31,0.02,"Fs",0.31,8.337
0.24,0.02,"Fs",0.24,9.468
0.37,0.06,"Fs",0.37,8.647
0.33,0.15,"Fs",0.33,7.461
0.27,0.06,"Fs",0.27,9.273
0.36,0.13,"Fs",0.36,8.98
0.28,0.14,"Fs",0.28,7.754
0.34,0.13,"Fs",0.34,7.281
0.22,0.12,"Fs",0.22,6.705
0.28,0.08,"Fs",0.28,9.579
0.36,0.05,"Fs",0.36,6.207
0.33,0.08,"Fs",0.33,7.734
0.32,0.07,"Fs",0.32,7.724
0.36,0.09,"Fs",0.36,7.84
0.3,0.08,"Fs",0.3,9.502
0.34,0.08,"Fs",0.34,8.206
0.3,0.14,"Fs",0.3,8.659
0.3,0.18,"Fs",0.3,7.976
0.3,0,"Fs",0.3,9.097
0.27,0.08,"Fs",0.27,7.094
0.28,0.07,"Fs",0.28,7.659
0.38,0.04,"Fs",0.38,7.336
0.27,0.12,"Fs",0.27,8.433
0.32,0.04,"Fs",0.32,9.55
0.35,0.09,"Fs",0.35,9.427
0.35,0.11,"Fs",0.35,7.315
0.28,0.03,"Fs",0.28,8.385
0.37,0.04,"Fs",0.37,7.954
0.25,0.09,"Fs",0.25,9.196
0.32,0.02,"Fs",0.32,10.057
0.29,0.09,"Fs",0.29,7.857
0.26,0.02,"Fs",0.26,8.776
0.29,0.11,"Fs",0.29,9.524
0.33,0.06,"Fs",0.33,8.404
0.41,0.04,"Fs",0.41,7.66
0.31,0.13,"Fs",0.31,7.587
0.37,0.08,"Fs",0.37,7.63
0.19,0.06,"Fs",0.19,9.336
0.32,0.15,"Fs",0.32,7.078
0.25,0.05,"Fs",0.25,8.707
0.98,0.11,"Fs",0.98,8.463
0.92,0.05,"Fs",0.92,6.936
0.39,0.35,"Fs",0.39,9.116
0.41,0.44,"Fs",0.41,8.919
0.39,0.32,"Fs",0.39,8.549
0.45,0.34,"Fs",0.45,6.632
0.41,0.29,"Fs",0.41,6.563
0.43,0.41,"Fs",0.43,7.108
0.38,0.39,"Fs",0.38,5.286
0.41,0.31,"Fs",0.41,6.669
0.49,0.35,"Fs",0.49,6.633
0.37,0.5,"Fs",0.37,8.018
0.38,0.41,"Fs",0.38,6.635
0.4,0.32,"Fs",0.4,8.317
0.37,0.44,"Fs",0.37,5.779
0.34,0.43,"Fs",0.34,8.539
0.31,0.41,"Fs",0.31,8.485
0.41,0.4,"Fs",0.41,8.206
0.5,0.42,"Fs",0.5,9.108
0.48,0.33,"Fs",0.48,7.675
0.36,0.35,"Fs",0.36,7.995
0.39,0.53,"Fs",0.39,6.728
0.36,0.3,"Fs",0.36,6.984
0.37,0.39,"Fs",0.37,8.169
0.29,0.39,"Fs",0.29,6.5
0.4,0.34,"Fs",0.4,9.636
0.34,0.28,"Fs",0.34,7.165
0.39,0.34,"Fs",0.39,10.679
0.41,0.28,"Fs",0.41,7.521
0.29,0.31,"Fs",0.29,6.529
0.44,0.38,"Fs",0.44,8.415
0.42,0.39,"Fs",0.42,8.157
0.36,0.32,"Fs",0.36,9.06
0.49,0.34,"Fs",0.49,9.205
0.36,0.36,"Fs",0.36,7.363
0.39,0.37,"Fs",0.39,8.83
0.44,0.43,"Fs",0.44,7.508
0.35,0.34,"Fs",0.35,8.563
0.43,0.3,"Fs",0.43,7.88
0.37,0.41,"Fs",0.37,8.728
0.51,0.43,"Fs",0.51,6.526
0.43,0.38,"Fs",0.43,8.172
0.39,0.99,"Fs",0.39,9.067
0.35,0.92,"Fs",0.35,8.59
0.32,0.86,"Fs",0.32,7.966
0.35,0.85,"Fs",0.35,7.401
0.34,0.92,"Fs",0.34,6.605
0.41,0.91,"Fs",0.41,6.402
0.35,0.93,"Fs",0.35,8.814
0.39,0.94,"Fs",0.39,6.706
0.43,0.88,"Fs",0.43,6.539
0.33,0.91,"Fs",0.33,7.848
0.42,0.98,"Fs",0.42,5.869
0.35,0.96,"Fs",0.35,7.721
0.4,0.88,"Fs",0.4,7.576
0.35,0.94,"Fs",0.35,9.778
0.42,0.92,"Fs",0.42,6.293
0.46,0.91,"Fs",0.46,6.928
0.44,0.91,"Fs",0.44,8.291
0.34,0.85,"Fs",0.34,9.25
0.25,0.95,"Fs",0.25,9.32
0.33,0.99,"Fs",0.33,8.422
0.48,0.94,"Fs",0.48,8.582
0.33,0.98,"Fs",0.33,9.173
0.42,0.84,"Fs",0.42,8.19
0.44,0.94,"Fs",0.44,8.552
0.41,0.92,"Fs",0.41,7.839
0.4,0.94,"Fs",0.4,6.083
0.38,0.83,"Fs",0.38,7.457
0.34,0.96,"Fs",0.34,7.325
0.35,0.84,"Fs",0.35,7.277
0.4,0.9,"Fs",0.4,8.845
0.27,0.83,"Fs",0.27,6.833
0.39,1,"Fs",0.39,8.242
0.39,0.84,"Fs",0.39,6.212
0.32,0.91,"Fs",0.32,7.634
0.36,0.9,"Fs",0.36,7.986
0.32,0.89,"Fs",0.32,9.036
0.41,0.99,"Fs",0.41,7.793
0.37,0.98,"Fs",0.37,7.763
0.75,0.19,"Fs",0.75,7.823
0.75,0.24,"Fs",0.75,6.408
0.79,0.24,"Fs",0.79,7.404
0.75,0.09,"Fs",0.75,6.003
0.71,0.15,"Fs",0.71,7.528
0.64,0.18,"Fs",0.64,4.977
0.77,0.16,"Fs",0.77,7.398
0.7,0.21,"Fs",0.7,8.865
0.8,0.25,"Fs",0.8,7.901
0.76,0.19,"Fs",0.76,6.051
0.77,0.1,"Fs",0.77,9.359
0.76,0.21,"Fs",0.76,6.297
0.66,0.17,"Fs",0.66,6.855
0.77,0.17,"Fs",0.77,8.068
0.69,0.16,"Fs",0.69,7.308
0.73,0.2,"Fs",0.73,8.855
0.72,0.17,"Fs",0.72,6.745
0.71,0.19,"Fs",0.71,8.935
0.8,0.17,"Fs",0.8,8.46
0.7,0.15,"Fs",0.7,7.175
0.77,0.23,"Fs",0.77,8.182
0.76,0.14,"Fs",0.76,8.371
0.71,0.2,"Fs",0.71,7.285
0.76,0.15,"Fs",0.76,7.445
0.72,0.2,"Fs",0.72,7.774
0.73,0.22,"Fs",0.73,8.12
0.81,0.2,"Fs",0.81,9.237
0.71,0.25,"Fs",0.71,8.114
0.8,0.2,"Fs",0.8,6.859
0.69,0.21,"Fs",0.69,8.675
0.74,0.1,"Fs",0.74,8.826
0.66,0.1,"Fs",0.66,7.377
0.7,0.16,"Fs",0.7,6.311
0.67,0.11,"Fs",0.67,7.565
0.76,0.17,"Fs",0.76,8.135
0.72,0.23,"Fs",0.72,7.221
0.67,0.25,"Fs",0.67,7.615
0.79,0.2,"Fs",0.79,8.279
0.79,0.22,"Fs",0.79,6.632
0.69,0.18,"Fs",0.69,7.642
0.74,0.21,"Fs",0.74,5.389
0.7,0.23,"Fs",0.7,9.219
0.58,0.94,"Fs",0.58,8.315
0.56,0.96,"Fs",0.56,7.98
0.51,0.93,"Fs",0.51,8.767
0.47,0.96,"Fs",0.47,7.061
0.52,0.96,"Fs",0.52,7.735
0.47,0.9,"Fs",0.47,7.222
0.5,0.95,"Fs",0.5,8.084
0.59,0.99,"Fs",0.59,10.925
0.54,0.94,"Fs",0.54,6.328
0.46,0.94,"Fs",0.46,6.399
0.51,0.98,"Fs",0.51,5.794
0.47,0.95,"Fs",0.47,6.308
0.54,0.92,"Fs",0.54,5.384
0.48,0.93,"Fs",0.48,6.743
0.44,0.87,"Fs",0.44,8.231
0.51,0.95,"Fs",0.51,7.731
0.49,0.98,"Fs",0.49,6.512
0.46,1,"Fs",0.46,6.884
0.62,0.96,"Fs",0.62,8.491
0.5,0.96,"Fs",0.5,10.489
0.54,0.91,"Fs",0.54,10.171
0.55,0.91,"Fs",0.55,6.518
0.47,0.94,"Fs",0.47,9.173
0.5,0.89,"Fs",0.5,8.221
0.48,0.92,"Fs",0.48,8.603
0.54,0.88,"Fs",0.54,9.518
0.4,0.92,"Fs",0.4,7.227
0.43,0.9,"Fs",0.43,6.28
0.45,0.96,"Fs",0.45,8.905
0.98,0.06,"Fs",0.98,9.14
1,0.08,"Fs",1,6.863
0.98,0.04,"Fs",0.98,7.673
0.95,0.03,"Fs",0.95,8.118
0.99,0.07,"Fs",0.99,8.424
0.98,0.08,"Fs",0.98,10.288
0.84,0.09,"Fs",0.84,6.579
0.96,0.03,"Fs",0.96,7.475
0.91,0,"Fs",0.91,8.547
0.98,0.05,"Fs",0.98,5.897
0.96,0.04,"Fs",0.96,6.52
0.96,0.08,"Fs",0.96,9.04
0.93,0.03,"Fs",0.93,6.463
0.97,0.03,"Fs",0.97,6.892
0.99,0.02,"Fs",0.99,6.705
0.96,0.1,"Fs",0.96,8.861
0.96,0.06,"Fs",0.96,6.446
0.89,0.11,"Fs",0.89,7.058
0.97,0.01,"Fs",0.97,8.011
0.97,0.06,"Fs",0.97,8.622
0.03,0.23,"Fs",0.03,7.568
0.05,0.27,"Fs",0.05,8.405
0.14,0.27,"Fs",0.14,8.541
0,0.29,"Fs",0,8.544
0.04,0.19,"Fs",0.04,7.173
0.08,0.27,"Fs",0.08,10.46
0.01,0.26,"Fs",0.01,6.033
0.12,0.28,"Fs",0.12,8.269
0.08,0.28,"Fs",0.08,6.579
0.05,0.3,"Fs",0.05,9.544
0.05,0.21,"Fs",0.05,8.818
0.03,0.24,"Fs",0.03,10.999
0.02,0.36,"Fs",0.02,9.023
0.18,0.25,"Fs",0.18,7.02
0.07,0.25,"Fs",0.07,8.441
0.07,0.28,"Fs",0.07,8.982
0.02,0.32,"Fs",0.02,8.376
0.01,0.31,"Fs",0.01,9.744
0.1,0.23,"Fs",0.1,7.918
0.11,0.26,"Fs",0.11,7.666
0.05,0.24,"Fs",0.05,8.27
0.11,0.36,"Fs",0.11,8.127
0.06,0.34,"Fs",0.06,7.842
0.13,0.32,"Fs",0.13,8.764
0.11,0.22,"Fs",0.11,7.712
0.01,0.25,"Fs",0.01,9.367
0.08,0.26,"Fs",0.08,11.244
0.05,0.26,"Fs",0.05,9.421
0.08,0.3,"Fs",0.08,10.76
0.14,0.22,"Fs",0.14,9.364
0.11,0.23,"Fs",0.11,9.377
0.03,0.31,"Fs",0.03,8.453
0.16,0.24,"Fs",0.16,8.615
0.02,0.17,"Fs",0.02,7.928
0.89,0.97,"Fs",0.89,8.962
0.87,0.99,"Fs",0.87,7.279
0.8,0.97,"Fs",0.8,8.556
0.35,0.05,"Fs",0.35,11.428
0.26,0.03,"Fs",0.26,8.372
0.31,0.04,"Fs",0.31,8.729
0.26,0.07,"Fs",0.26,9.368
0.33,0.01,"Fs",0.33,5.493
0.23,0.06,"Fs",0.23,6.997
0.29,0.08,"Fs",0.29,7.79
0.26,0.01,"Fs",0.26,9.678
0.31,0.07,"Fs",0.31,9.513
0.29,0.03,"Fs",0.29,8.731
0.22,0.01,"Fs",0.22,6.777
0.24,0.03,"Fs",0.24,6.364
0.68,0.2,"Fs",0.68,6.714
0.72,0.3,"Fs",0.72,7.925
0.68,0.25,"Fs",0.68,8.577
0.58,0.22,"Fs",0.58,7.254
0.7,0.26,"Fs",0.7,7.079
0.69,0.33,"Fs",0.69,8.193
0.7,0.29,"Fs",0.7,7.074
0.76,0.31,"Fs",0.76,4.48
0.83,0.34,"Fs",0.83,8.207
0.73,0.27,"Fs",0.73,7.36
0.72,0.38,"Fs",0.72,8.992
0.61,0.26,"Fs",0.61,6.449
0.72,0.32,"Fs",0.72,8.826
0.72,0.18,"Fs",0.72,6.328
0.68,0.24,"Fs",0.68,6.181
0.72,0.27,"Fs",0.72,8.631
0.63,0.2,"Fs",0.63,7.258
0.72,0.36,"Fs",0.72,6.185
0.73,0.19,"Fs",0.73,7.884
0.74,0.27,"Fs",0.74,8.337
0.75,0.27,"Fs",0.75,5.254
0.67,0.27,"Fs",0.67,8.1
0.75,0.26,"Fs",0.75,6.905
0.68,0.23,"Fs",0.68,7.389
0.75,0.3,"Fs",0.75,5.333
0.74,0.3,"Fs",0.74,7.625
0.8,0.3,"Fs",0.8,7.344
0.71,0.29,"Fs",0.71,8.299
0.73,0.25,"Fs",0.73,8.155
0.81,0.3,"Fs",0.81,7.156
0.88,0.24,"Fs",0.88,8.471
0.72,0.26,"Fs",0.72,8.459
0.69,0.15,"Fs",0.69,6.257
0.71,0.28,"Fs",0.71,9.163
0.23,0.45,"Fs",0.23,6.488
0.25,0.54,"Fs",0.25,6.574
0.3,0.45,"Fs",0.3,6.276
0.24,0.43,"Fs",0.24,7.07
0.31,0.5,"Fs",0.31,7.253
0.36,0.38,"Fs",0.36,8.665
0.29,0.46,"Fs",0.29,5.533
0.27,0.48,"Fs",0.27,6.586
0.3,0.38,"Fs",0.3,5.49
0.3,0.47,"Fs",0.3,6.112
0.22,0.33,"Fs",0.22,8.59
0.29,0.44,"Fs",0.29,6.268
0.28,0.49,"Fs",0.28,8.287
0.25,0.41,"Fs",0.25,7.743
0.29,0.45,"Fs",0.29,7.81
0.12,0.48,"Fs",0.12,7.333
0.26,0.42,"Fs",0.26,6.641
0.27,0.46,"Fs",0.27,7.242
0.31,0.45,"Fs",0.31,5.784
0.31,0.53,"Fs",0.31,6.922
0.2,0.44,"Fs",0.2,6.941
0.21,0.4,"Fs",0.21,7.197
0.27,0.45,"Fs",0.27,8.725
0.26,0.51,"Fs",0.26,9.377
0.2,0.49,"Fs",0.2,8.336
0.29,0.48,"Fs",0.29,8.985
0.28,0.42,"Fs",0.28,5.772
0.27,0.53,"Fs",0.27,6.654
0.24,0.45,"Fs",0.24,6.2
0.29,0.52,"Fs",0.29,6.247
0.24,0.39,"Fs",0.24,7.404
0.72,0.74,"Fs",0.72,9.157
0.64,0.65,"Fs",0.64,7.634
0.71,0.63,"Fs",0.71,11.062
0.63,0.68,"Fs",0.63,9.123
0.65,0.7,"Fs",0.65,8.072
0.63,0.69,"Fs",0.63,6.898
0.76,0.63,"Fs",0.76,9.521
0.69,0.69,"Fs",0.69,8.591
0.66,0.76,"Fs",0.66,7.057
0.63,0.74,"Fs",0.63,7.685
0.63,0.76,"Fs",0.63,7.281
0.71,0.81,"Fs",0.71,7.676
0.82,0.71,"Fs",0.82,9.066
0.55,0.73,"Fs",0.55,7.613
0.61,0.73,"Fs",0.61,8.283
0.68,0.74,"Fs",0.68,6.325
0.68,0.79,"Fs",0.68,7.466
0.73,0.78,"Fs",0.73,6.864
0.67,0.79,"Fs",0.67,6.587
0.7,0.74,"Fs",0.7,7.308
0.73,0.77,"Fs",0.73,8.045
0.6,0.73,"Fs",0.6,9.051
0.63,0.73,"Fs",0.63,8.519
0.63,0.64,"Fs",0.63,8.488
0.66,0.75,"Fs",0.66,7.957
0.64,0.7,"Fs",0.64,7.261
0.61,0.74,"Fs",0.61,7.751
0.75,0.75,"Fs",0.75,9.683
0.68,0.68,"Fs",0.68,8.498
0.7,0.73,"Fs",0.7,7.64
0.72,0.77,"Fs",0.72,7.44
0.73,0.76,"Fs",0.73,9.793
0.64,0.68,"Fs",0.64,5.856
0.59,0.74,"Fs",0.59,8.334
0,0.15,"Fs",0,9.591
0.04,0.15,"Fs",0.04,8.076
0,0.13,"Fs",0,7.298
0.01,0.12,"Fs",0.01,8.666
0.02,0.07,"Fs",0.02,8.498
0.02,0.23,"Fs",0.02,6.903
0.02,0.18,"Fs",0.02,9.798
0.03,0.12,"Fs",0.03,7.666
0,0.2,"Fs",0,7.621
0.03,0.07,"Fs",0.03,9.841
0.46,0.21,"Fs",0.46,6.405
0.38,0.17,"Fs",0.38,6.771
0.54,0.15,"Fs",0.54,6.907
0.48,0.22,"Fs",0.48,7.782
0.47,0.17,"Fs",0.47,6.291
0.43,0.21,"Fs",0.43,6.774
0.36,0.26,"Fs",0.36,8.237
0.33,0.13,"Fs",0.33,6.243
0.5,0.18,"Fs",0.5,8.543
0.55,0.19,"Fs",0.55,9.14
0.44,0.14,"Fs",0.44,6.586
0.43,0.23,"Fs",0.43,7.863
0.44,0.26,"Fs",0.44,8.751
0.51,0.18,"Fs",0.51,7.478
0.42,0.12,"Fs",0.42,7.896
0.38,0.32,"Fs",0.38,5.315
0.48,0.27,"Fs",0.48,8.456
0.49,0.16,"Fs",0.49,5.415
0.5,0.27,"Fs",0.5,7.119
0.39,0.18,"Fs",0.39,6.747
0.49,0.23,"Fs",0.49,6.715
0.53,0.26,"Fs",0.53,6.154
0.43,0.27,"Fs",0.43,9.352
0.41,0.23,"Fs",0.41,7.802
0.5,0.15,"Fs",0.5,7.162
0.48,0.17,"Fs",0.48,7.018
0.52,0.22,"Fs",0.52,6.527
0.42,0.26,"Fs",0.42,8.909
0.47,0.25,"Fs",0.47,5.094
0.37,0.14,"Fs",0.37,7.189
0.41,0.24,"Fs",0.41,7.115
0.51,0.31,"Fs",0.51,5.839
0.35,0.28,"Fs",0.35,7.736
0.45,0.14,"Fs",0.45,7.092
0.45,0.17,"Fs",0.45,7.097
0.44,0.29,"Fs",0.44,6.604
0.82,0.99,"Fs",0.82,10.284
0.91,0.96,"Fs",0.91,9.817
0.85,0.99,"Fs",0.85,6.759
0.88,0.93,"Fs",0.88,9.272
0.78,0.94,"Fs",0.78,8.386
0.82,0.93,"Fs",0.82,9.257
0.85,0.95,"Fs",0.85,10.013
0.75,0.98,"Fs",0.75,9.453
0.82,0.97,"Fs",0.82,8.516
0.9,0.94,"Fs",0.9,10.117
0.85,0.92,"Fs",0.85,10.011
0.84,0.93,"Fs",0.84,8.078
0.88,0.95,"Fs",0.88,10.395
0.85,0.93,"Fs",0.85,9.908
0.79,0.83,"Fs",0.79,11.026
0.82,0.96,"Fs",0.82,9.436
0.85,0.96,"Fs",0.85,7.511
0.8,0.98,"Fs",0.8,8.37
0.78,0.98,"Fs",0.78,9.866
0.99,0.08,"Fs",0.99,7.064
0.95,0.04,"Fs",0.95,7.772
0.99,0.06,"Fs",0.99,7.882
1,0.02,"Fs",1,8.649
0.94,0.02,"Fs",0.94,5.992
0.92,0.11,"Fs",0.92,7.631
0.94,0.04,"Fs",0.94,8.206
0.94,0.06,"Fs",0.94,8.679
0.96,0.07,"Fs",0.96,7.361
0.99,0.1,"Fs",0.99,8.097
0.93,0.12,"Fs",0.93,11.181
0.87,0.06,"Fs",0.87,7.512
0.88,0,"Fs",0.88,5.278
0.96,0.13,"Fs",0.96,9.074
0.91,0.04,"Fs",0.91,8.26
0.91,0.07,"Fs",0.91,7.116
0.9,0.01,"Fs",0.9,8.901
0.93,0.06,"Fs",0.93,9.29
0.86,0.01,"Fs",0.86,7.191
0.87,0.08,"Fs",0.87,7.751
0.9,0.09,"Fs",0.9,7.404
1,0.05,"Fs",1,4.642
0.03,0.83,"Fs",0.03,9.577
0.04,0.94,"Fs",0.04,7.967
0,0.78,"Fs",0,9.164
0.04,0.83,"Fs",0.04,10.215
0.66,0.84,"Pa",0.66,2.867
0.49,0.95,"Pa",0.49,1.762
0.66,0.93,"Pa",0.66,2.268
0.66,0.97,"Pa",0.66,3.811
0.59,0.94,"Pa",0.59,2.883
0.58,0.95,"Pa",0.58,3.831
0.58,0.91,"Pa",0.58,2.508
0.78,0.91,"Pa",0.78,4.219
0.49,0.87,"Pa",0.49,1.299
0.8,0.94,"Pa",0.8,4.804
0.65,0.9,"Pa",0.65,0.346
0.81,0.86,"Pa",0.81,4.422
0.67,0.96,"Pa",0.67,1.887
0.03,0.25,"Pa",0.03,1.488
0.05,0.02,"Pa",0.05,2.907
0.12,0.25,"Pa",0.12,2.824
0.14,0.2,"Pa",0.14,1.844
0.04,0.28,"Pa",0.04,4.66
0.01,0.14,"Pa",0.01,3.596
0.15,0.31,"Pa",0.15,2.26
0.01,0.09,"Pa",0.01,4.164
0.03,0.15,"Pa",0.03,2.893
0.03,0.18,"Pa",0.03,1.437
0.67,0.26,"Pa",0.67,1.697
0.87,0.53,"Pa",0.87,5.825
0.6,0.29,"Pa",0.6,2.788
0.78,0.53,"Pa",0.78,4.307
0.77,0.41,"Pa",0.77,5.557
0.68,0.36,"Pa",0.68,3.735
0.87,0.42,"Pa",0.87,3.657
0.59,0.46,"Pa",0.59,4.114
0.67,0.48,"Pa",0.67,4.334
0.63,0.38,"Pa",0.63,5.438
0.63,0.54,"Pa",0.63,4.375
0.77,0.33,"Pa",0.77,5.182
0.86,0.46,"Pa",0.86,3.729
0.78,0.35,"Pa",0.78,3.009
0.78,0.46,"Pa",0.78,4.665
0.52,0.37,"Pa",0.52,3.049
0.92,0.84,"Pa",0.92,5.685
1,0.06,"Pa",1,3.783
0.92,0.06,"Pa",0.92,1.975
0.73,0.08,"Pa",0.73,1.801
0.95,0.26,"Pa",0.95,3.874
0.86,0.02,"Pa",0.86,1.439
0.83,0.05,"Pa",0.83,2.105
1,0.93,"Pa",1,6.369
0.74,0.47,"Pa",0.74,5.511
0.3,0.53,"Pa",0.3,2.294
0.56,0.67,"Pa",0.56,3.495
0.8,0.45,"Pa",0.8,4.187
0.43,0.68,"Pa",0.43,2.08
0.77,0.63,"Pa",0.77,6.255
0.75,0.43,"Pa",0.75,5.02
0.82,0.42,"Pa",0.82,6.096
0.56,0.57,"Pa",0.56,2.674
0.73,0.61,"Pa",0.73,5.429
0.41,0.52,"Pa",0.41,4.115
0.53,0.44,"Pa",0.53,2.18
0.73,0.41,"Pa",0.73,5.294
0.8,0.42,"Pa",0.8,5.015
0.57,0.47,"Pa",0.57,2.862
0.62,0.42,"Pa",0.62,4.7
0.73,0.29,"Pa",0.73,0.814
0.73,0.98,"Pa",0.73,3.052
0.99,0.98,"Pa",0.99,5.45
0.39,0.11,"Pa",0.39,2.436
0.55,0,"Pa",0.55,2.276
0.31,0.08,"Pa",0.31,3.705
0.39,0.17,"Pa",0.39,3.68
0.33,0.17,"Pa",0.33,2.429
0.28,0.23,"Pa",0.28,4.138
0.49,0.08,"Pa",0.49,2.5
0.18,0.04,"Pa",0.18,3.098
0.22,0.02,"Pa",0.22,2.363
0.34,0.03,"Pa",0.34,4.38
0.37,0.09,"Pa",0.37,3.732
0.3,0.09,"Pa",0.3,4.334
0.41,0.08,"Pa",0.41,4.608
0.49,0.11,"Pa",0.49,3.219
0.21,0.21,"Pa",0.21,3.2
0.67,0.92,"Pa",0.67,2.442
0.79,0.81,"Pa",0.79,3.098
0.67,0.85,"Pa",0.67,3.454
0.83,0.89,"Pa",0.83,4.72
0.6,0.99,"Pa",0.6,3.603
0.91,0.91,"Pa",0.91,2.072
0.96,0.95,"Pa",0.96,5.378
0.96,0.93,"Pa",0.96,4.259
0.77,0.88,"Pa",0.77,3.722
0.88,0.63,"Pa",0.88,4.313
0.98,0.53,"Pa",0.98,4.005
0.99,0.42,"Pa",0.99,4.765
0.99,0.32,"Pa",0.99,4.412
0.97,0.53,"Pa",0.97,3.909
0.95,0.48,"Pa",0.95,3.802
1,0.33,"Pa",1,1.76
0.77,0.54,"Pa",0.77,3.521
0.9,0.61,"Pa",0.9,3.721
0.97,0.48,"Pa",0.97,3.796
0.99,0.33,"Pa",0.99,2.261
0.04,0.71,"Pa",0.04,4.138
0.1,0.62,"Pa",0.1,1.126
0.16,0.56,"Pa",0.16,2.361
0.01,0.66,"Pa",0.01,3.393
0,0.46,"Pa",0,3.866
0.11,0.58,"Pa",0.11,1.448
0.06,0.52,"Pa",0.06,1.322
0.13,0.58,"Pa",0.13,2.092
0.1,0.74,"Pa",0.1,1.75
0.25,0.43,"Pa",0.25,1.684
0.01,0.57,"Pa",0.01,2.715
0.08,0.53,"Pa",0.08,3.347
0.11,0.5,"Pa",0.11,2.745
0.08,0.55,"Pa",0.08,1.343
0.17,0.67,"Pa",0.17,4.684
0.11,0.65,"Pa",0.11,2.312
0.05,0.53,"Pa",0.05,4.573
0.26,0.88,"Pa",0.26,3.129
0.13,0.88,"Pa",0.13,4.271
0.25,0.72,"Pa",0.25,2.284
0.17,0.86,"Pa",0.17,5.314
0,0.7,"Pa",0,3.283
0.26,0.84,"Pa",0.26,3.744
0.12,0.71,"Pa",0.12,2.827
0.14,0.87,"Pa",0.14,6.361
0.18,0.72,"Pa",0.18,4.243
0.2,0.75,"Pa",0.2,2.449
0.09,0.81,"Pa",0.09,4.791
0.2,0.77,"Pa",0.2,4.771
0.08,0.79,"Pa",0.08,5.444
0.44,0.85,"Pa",0.44,1.485
0.23,0.91,"Pa",0.23,5.05
0.19,0.85,"Pa",0.19,4.335
0.19,0.87,"Pa",0.19,6.131
0.22,0.83,"Pa",0.22,4.572
0.15,0.72,"Pa",0.15,4.137
0.1,0.75,"Pa",0.1,3.945
0.85,0.6,"Pa",0.85,6.053
0.86,0.68,"Pa",0.86,5.113
0.91,0.65,"Pa",0.91,5.584
0.86,0.54,"Pa",0.86,3.003
0.83,0.48,"Pa",0.83,6.121
0.86,0.41,"Pa",0.86,4.539
0.91,0.5,"Pa",0.91,5.645
0.91,0.64,"Pa",0.91,2.908
0.78,0.13,"Pa",0.78,1.367
0.65,0.05,"Pa",0.65,1.887
0.79,0.08,"Pa",0.79,2.148
0.04,0.91,"Pa",0.04,5.169
0.01,0.96,"Pa",0.01,5.312
0.14,0.98,"Pa",0.14,5.969
0.65,0.03,"Pa",0.65,2.513
0.59,0.13,"Pa",0.59,2.052
0.57,0.07,"Pa",0.57,2.793
0.78,0.01,"Pa",0.78,0.76
0.66,0.03,"Pa",0.66,4.639
0.52,0.09,"Pa",0.52,2.301
0.58,0,"Pa",0.58,3.302
0.68,0.01,"Pa",0.68,3.464
0.98,0.74,"Pa",0.98,3.158
0.92,0.77,"Pa",0.92,5.468
0.89,0.71,"Pa",0.89,4.186
0.89,0.81,"Pa",0.89,3.691
0.98,0.75,"Pa",0.98,3.508
0.91,0.89,"Pa",0.91,4.172
0.85,0.74,"Pa",0.85,3.329
0.94,0.54,"Pa",0.94,4.202
0.92,0.63,"Pa",0.92,6.002
0.93,0.77,"Pa",0.93,3.808
0.88,0.48,"Pa",0.88,3.47
0.16,0.16,"Pa",0.16,2.061
0.15,0.23,"Pa",0.15,3.933
0.02,0.13,"Pa",0.02,2.295
0.25,0.02,"Pa",0.25,2.339
0.25,0.07,"Pa",0.25,1.636
0.22,0.08,"Pa",0.22,4.155
0.52,0.05,"Pa",0.52,2.932
0.42,0.06,"Pa",0.42,1.945
0.66,0.12,"Pa",0.66,3.099
0.53,0.05,"Pa",0.53,3.663
0.58,0.09,"Pa",0.58,3.289
0.46,0.09,"Pa",0.46,2.377
0.56,0.02,"Pa",0.56,3.111
0.6,0.12,"Pa",0.6,3.136
0.56,0.03,"Pa",0.56,0.654
0.51,0.01,"Pa",0.51,5.665
0.93,0.18,"Pa",0.93,2.672
0.94,0.07,"Pa",0.94,1.224
0.87,0.18,"Pa",0.87,4.186
0.95,0.31,"Pa",0.95,2.158
0.82,0.21,"Pa",0.82,5.311
0.98,0.18,"Pa",0.98,4.678
0.04,0.65,"Pa",0.04,3.261
0.02,0.93,"Pa",0.02,3.719
0.07,0.66,"Pa",0.07,3.042
0.02,0.79,"Pa",0.02,5.142
0.8,0.49,"Pa",0.8,5.491
0.81,0.49,"Pa",0.81,2.857
0.79,0.49,"Pa",0.79,3.233
0.66,0.51,"Pa",0.66,3.693
0.88,0.65,"Pa",0.88,4.831
0.85,0.52,"Pa",0.85,4.094
0.84,0.48,"Pa",0.84,5.343
0.95,0.49,"Pa",0.95,3.804
0.89,0.55,"Pa",0.89,5.605
0.84,0.53,"Pa",0.84,3.553
0.75,0.44,"Pa",0.75,4.771
0.78,0.55,"Pa",0.78,4.443
0.8,0.47,"Pa",0.8,5.288
0.8,0.54,"Pa",0.8,5.106
0.7,0.68,"Pa",0.7,2.201
0.89,0.51,"Pa",0.89,1.431
0.87,0.33,"Pa",0.87,3.355
0.91,0.51,"Pa",0.91,4.452
0.82,0.41,"Pa",0.82,4.016
0.65,0.42,"Pa",0.65,3.914
0.84,0.52,"Pa",0.84,5.339
0.69,0.45,"Pa",0.69,3.291
0.89,0.31,"Pa",0.89,2.311
0.9,0.45,"Pa",0.9,4.791
0.63,0.48,"Pa",0.63,4.469
0.8,0.57,"Pa",0.8,5.132
0.76,0.65,"Pa",0.76,5.822
0.99,0.48,"Pa",0.99,3.705
0.75,0.62,"Pa",0.75,2.874
0.99,0.38,"Pa",0.99,3.857
0.95,0.41,"Pa",0.95,1.898
0.97,0.68,"Pa",0.97,5.29
0.92,0.41,"Pa",0.92,1.963
0.84,0.56,"Pa",0.84,3.775
0.87,0.51,"Pa",0.87,3.786
0.87,0.48,"Pa",0.87,4.737
0.93,0.65,"Pa",0.93,4.339
0.93,0.69,"Pa",0.93,4.662
0.69,0.13,"Pa",0.69,3.204
0.91,0.03,"Pa",0.91,0.055
0.68,0.12,"Pa",0.68,2.289
0.76,0.04,"Pa",0.76,2.265
0.72,0.05,"Pa",0.72,2.268
0.8,0.12,"Pa",0.8,2.395
0.69,0.03,"Pa",0.69,2.043
0.53,0.15,"Pa",0.53,3.456
0.63,0.02,"Pa",0.63,3.606
0.67,0.15,"Pa",0.67,1.642
0.73,0.16,"Pa",0.73,2.757
0.96,0.34,"Pa",0.96,3.636
0.99,0.6,"Pa",0.99,5.868
0.88,0.53,"Pa",0.88,4.675
0.46,0.73,"Pa",0.46,2.895
0.46,0.75,"Pa",0.46,3.523
0.25,0.64,"Pa",0.25,3.194
0.33,0.56,"Pa",0.33,2.275
0.33,0.7,"Pa",0.33,2.978
0.42,0.73,"Pa",0.42,0.415
0.55,0.57,"Pa",0.55,4.022
0.4,0.65,"Pa",0.4,1.948
0.45,0.59,"Pa",0.45,4.665
0.4,0.54,"Pa",0.4,3.029
0.43,0.74,"Pa",0.43,2.436
0.47,0.77,"Pa",0.47,1.119
0.35,0.61,"Pa",0.35,2.643
0.48,0.68,"Pa",0.48,2.865
0.44,0.88,"Pa",0.44,2.474
0.34,0.91,"Pa",0.34,3.482
0.3,0.8,"Pa",0.3,1.715
0.28,0.75,"Pa",0.28,3.667
0.42,0.69,"Pa",0.42,1.994
0.44,0.68,"Pa",0.44,2.734
0.46,0.51,"Pa",0.46,0.645
0.62,0.55,"Pa",0.62,3.582
0.54,0.63,"Pa",0.54,1.831
0.09,0.16,"Pa",0.09,4.7
0.1,0.27,"Pa",0.1,3.064
0.06,0.42,"Pa",0.06,4.786
0.87,0.91,"Pa",0.87,3.157
0.88,0.78,"Pa",0.88,4.836
0.86,0.83,"Pa",0.86,5.194
0.84,0.75,"Pa",0.84,4.999
0.87,0.62,"Pa",0.87,5.789
0.88,0.97,"Pa",0.88,4.868
0.91,0.92,"Pa",0.91,3.53
0.92,0.88,"Pa",0.92,3.6
0.96,0.87,"Pa",0.96,2.05
0.96,0.75,"Pa",0.96,5.423
0.83,0.72,"Pa",0.83,3.918
0.89,0.88,"Pa",0.89,4.89
0.97,0.8,"Pa",0.97,5.856
0.9,0.8,"Pa",0.9,3.428
0.88,0.86,"Pa",0.88,2.792
0.62,0.88,"Pa",0.62,2.984
0.27,0.9,"Pa",0.27,3.429
0.46,0.88,"Pa",0.46,2.301
0.5,0.99,"Pa",0.5,3.065
0.49,0.99,"Pa",0.49,3.934
0.25,0.9,"Pa",0.25,3.189
0.45,0.87,"Pa",0.45,0.862
0.41,0.85,"Pa",0.41,2.129
0.28,1,"Pa",0.28,4.147
0.5,0.98,"Pa",0.5,1.223
0.34,0.97,"Pa",0.34,2.545
0.99,0.68,"Pa",0.99,5.446
1,0.76,"Pa",1,3.902
0.92,0.71,"Pa",0.92,5.218
0.97,0.71,"Pa",0.97,5.672
0.92,0.64,"Pa",0.92,4.823
0.71,0.04,"Pa",0.71,2.005
0.57,0.03,"Pa",0.57,3.086
0.63,0.17,"Pa",0.63,1.773
0.4,0.03,"Pa",0.4,4.555
0.78,0.14,"Pa",0.78,1.909
0.57,0.09,"Pa",0.57,2.167
0.81,0.5,"Pa",0.81,4.881
0.89,0.66,"Pa",0.89,5.518
0.7,0.54,"Pa",0.7,4.396
0.85,0.49,"Pa",0.85,3.526
0.91,0.44,"Pa",0.91,5.132
0.63,0.56,"Pa",0.63,4.413
0.85,0.65,"Pa",0.85,7.053
0.76,0.53,"Pa",0.76,4.501
0.67,0.46,"Pa",0.67,5.472
0.81,0.7,"Pa",0.81,5.293
0.82,0.59,"Pa",0.82,6.228
0.49,0.94,"Pa",0.49,0.822
0.36,0.99,"Pa",0.36,2.468
0.44,0.99,"Pa",0.44,3.025
